campaign_id,platform_category,canonical_artist,canonical_product,objective,project_no,product_number_type,campaign_start_date,spend,impressions,reach,video_views,link_clicks,interactions,comments,likes,reactions,shares,follows,conversions,campaign_end_date,campaign_duration_days,total_awareness_metrics,total_traffic_metrics,total_engagement_metrics,streams_during_campaign,streams_10day_post,baseline_streams_14day_pre,streaming_trackable,baseline_start,baseline_end,during_start,during_end,decay_start,decay_end,overlap_days_baseline,overlap_days_during,overlap_days_decay,overlap_ratio_baseline,overlap_ratio_during,overlap_ratio_decay,any_overlap_count
8600344923,youtube,Feyd_Rautha,The_World_Spings,video_views,388191401155,URL,2023-02-12,112.5365043,9245,830,5272,22,7251,0,0,0,0,0,0,2023-03-02,19,14517,22,1979,705076.0,275622.0,31802.071428571428,non_track,2023-01-29,2023-02-11,2023-02-12,2023-03-02,2023-03-03,2023-03-12,0.0,19.0,10.0,0.0,1.0,1.0,1
15921939106,youtube,Jeffrey_Beaumont,Moment_of_Truth,video_views,379017089087,Album URI,2023-01-13,280.89300632,25456,4179,13845,43,19832,0,0,0,0,0,0,2023-01-19,7,39301,43,5987,173258.0,167647.0,10199.0,non_track,2022-12-30,2023-01-12,2023-01-13,2023-01-19,2023-01-20,2023-01-29,7.0,20.0,2.0,0.5,2.857142857142857,0.2,3
24210616442,snapchat,Gurney_Halleck,Packards_Vibration,traffic,114531372146,Playlist URI,2023-01-09,635.52507802,134633,23058,7940,1188,0,0,0,0,0,0,0,2023-02-09,32,142573,1188,0,0.0,0.0,0.0,non_track,2022-12-26,2023-01-08,2023-01-09,2023-02-09,2023-02-10,2023-02-19,0.0,101.0,34.0,0.0,3.15625,3.4,4
32695287656,google,Padishah_Emperor_Shaddam_IV,There's_Fire_where_you_are_going,video_views,846660497406,Track URI,2023-01-03,26.511800078,3571,1428,1021,56,2091,0,0,0,0,0,0,2023-01-08,6,4592,56,1070,532144.0,735166.0,10107.5,track,2022-12-20,2023-01-02,2023-01-03,2023-01-08,2023-01-09,2023-01-18,0.0,0.0,0.0,0.0,0.0,0.0,0
47159246284,snapchat,Mrs_Tremond,Clear_Skies,traffic,868809730610,Track URI,2023-01-23,281.161,26941,1727,2488,661,0,0,0,0,0,0,0,2023-03-06,43,29429,661,0,24914.0,4143.0,868.5,track,2023-01-09,2023-01-22,2023-01-23,2023-03-06,2023-03-07,2023-03-16,0.0,66.0,10.0,0.0,1.5348837209302326,1.0,3
56874306751,youtube,Bill_Dayton,Flying_Owl,video_views,37470172606,Album URI,2023-02-03,1125.21941957,1353946,33228,33567,0,37674,0,0,0,0,0,0,2023-03-28,54,1387513,0,4107,770593.0,20789.0,20879.85714285714,non_track,2023-01-20,2023-02-02,2023-02-03,2023-03-28,2023-03-29,2023-04-07,26.0,48.0,0.0,1.8571428571428572,0.8888888888888888,0.0,4
75282457757,youtube,Betty_Elms,Option_A,video_views,778416221539,Track URI,2023-03-03,403.072027839,779423,115893,8731,0,14993,0,0,0,0,0,0,2023-03-28,26,788154,0,6262,1110338.0,140821.0,41079.71428571428,track,2023-02-17,2023-03-02,2023-03-03,2023-03-28,2023-03-29,2023-04-07,8.0,32.0,0.0,0.5714285714285714,1.2307692307692308,0.0,2
120285243753,snapchat,Gurney_Halleck,Packards_Vibration,traffic,114531372146,Playlist URI,2023-01-17,674.786399992,99858,10823,9981,1152,0,0,0,0,0,0,0,2023-02-19,34,109839,1152,0,0.0,0.0,0.0,non_track,2023-01-03,2023-01-16,2023-01-17,2023-02-19,2023-02-20,2023-03-01,20.0,113.0,34.0,1.4285714285714286,3.323529411764706,3.4,4
122138079319,youtube,Bobby_Peru,Laura_Sees,reach,903823308084,Track URI,2023-03-10,224.74053122,138544,7191,4914,113,8557,0,0,0,0,0,0,2023-03-18,9,143458,113,3643,193207.0,207001.0,17863.5,track,2023-02-24,2023-03-09,2023-03-10,2023-03-18,2023-03-19,2023-03-28,15.0,36.0,20.0,1.0714285714285714,4.0,2.0,4
130740435072,youtube,One_Adam_Kesher,White_Tail_Falls,video_views,206181357229,Album URI,2023-01-16,562.5188160499999,845782,59725,13145,0,14173,0,0,0,0,0,0,2023-01-31,16,858927,0,1028,0.0,0.0,0.0,non_track,2023-01-02,2023-01-15,2023-01-16,2023-01-31,2023-02-01,2023-02-10,0.0,64.0,29.0,0.0,4.0,2.9,4
140676150736,youtube,Phillip_Jeffries,You_and_I,video_views,690884148856,Track URI,2023-03-04,281.11590064,22796,2480,14039,46,18904,0,0,0,0,0,0,2023-03-14,11,36835,46,4865,91092.0,58864.0,6817.428571428572,track,2023-02-18,2023-03-03,2023-03-04,2023-03-14,2023-03-15,2023-03-24,4.0,11.0,5.0,0.2857142857142857,1.0,0.5,1
145070068733,youtube,Lauras_Angel,Questions_in_a_World_of_Blue,video_views,779165140623,Track URI,2023-01-31,562.116326244,796067,90609,12212,0,13125,0,0,0,0,0,0,2023-02-10,11,808279,0,913,489201.0,316769.0,17643.0,track,2023-01-17,2023-01-30,2023-01-31,2023-02-10,2023-02-11,2023-02-20,0.0,22.0,2.0,0.0,2.0,0.2,2
157858920231,facebook,Andy_Brennan,Lumber_Mill,traffic,118087234274,Track URI,2023-03-28,72.9893956,19331,5178,1287,1275,5720,14,0,118,5,0,64,2023-03-31,4,20618,1339,5720,41952.0,0.0,12840.857142857143,track,2023-03-14,2023-03-27,2023-03-28,2023-03-31,2023-04-01,2023-04-10,0.0,4.0,0.0,0.0,1.0,0.0,1
157858920231,facebook,Audrey_Horne,Blue_Wig,traffic,122736490160,URL,2023-01-27,843.34804272,176910,9410,4656,2392,38771,18,25,2729,92,0,72,2023-02-08,13,181566,2464,38771,179405.0,80998.0,8531.857142857143,non_track,2023-01-13,2023-01-26,2023-01-27,2023-02-08,2023-02-09,2023-02-18,0.0,25.0,0.0,0.0,1.9230769230769231,0.0,2
157858920231,facebook,Bill_Dayton,Angel_Vanishes,traffic,37470172606,Track URI,2023-03-07,350.13970686,74822,6034,2756,1708,15715,5,7,275,26,0,56,2023-03-24,18,77578,1764,15715,0.0,0.0,0.0,track,2023-02-21,2023-03-06,2023-03-07,2023-03-24,2023-03-25,2023-04-03,14.0,31.0,4.0,1.0,1.7222222222222223,0.4,2
157858920231,facebook,Bill_Dayton,Flying_Owl,traffic,37470172606,Track URI,2023-01-21,582.53182878,109720,5352,5420,2751,32805,13,35,559,24,0,79,2023-02-10,21,115140,2830,32805,366589.0,203801.0,12332.92857142857,track,2023-01-07,2023-01-20,2023-01-21,2023-02-10,2023-02-11,2023-02-20,0.0,29.0,11.0,0.0,1.380952380952381,1.1,2
157858920231,facebook,Bobby_Peru,Laura_Sees,traffic,903823308084,Track URI,2023-03-07,337.3369678,59822,5100,3146,2196,19849,3,8,165,9,0,14,2023-03-23,17,62968,2210,19849,416563.0,138169.0,12572.57142857143,track,2023-02-21,2023-03-06,2023-03-07,2023-03-23,2023-03-24,2023-04-02,6.0,52.0,5.0,0.42857142857142855,3.0588235294117645,0.5,4
157858920231,facebook,Denise_Bryson,Clean_Slate,traffic,394355408112,Track URI,2023-03-04,281.12726068,47761,2851,2017,1992,9632,5,0,14,0,0,18,2023-03-25,22,49778,2010,9632,46397.0,4105.0,456.14285714285717,track,2023-02-18,2023-03-03,2023-03-04,2023-03-25,2023-03-26,2023-04-04,0.0,21.0,0.0,0.0,0.9545454545454546,0.0,1
157858920231,facebook,Frank_Booth,Rain_Dance,traffic,913729878833,Track URI,2023-02-10,311.02447881,52630,6841,2192,756,11626,1,5,116,4,0,23,2023-02-20,11,54822,779,11626,1682287.0,2073045.0,89088.5,track,2023-01-27,2023-02-09,2023-02-10,2023-02-20,2023-02-21,2023-03-02,0.0,22.0,5.0,0.0,2.0,0.5,2
157858920231,facebook,Jeffrey_Beaumont,No_Thing,traffic,379017089087,Album URI,2023-01-10,281.00354984,61911,6134,3371,2205,18015,22,9,552,17,0,51,2023-01-21,12,65282,2256,18015,308356.0,165117.0,3068.5,non_track,2022-12-27,2023-01-09,2023-01-10,2023-01-21,2023-01-22,2023-01-31,0.0,24.0,0.0,0.0,2.0,0.0,4
157858920231,facebook,Juana_Durango,Without_a_Doubt,traffic,864337936717,Album URI,2023-02-06,1688.28183348,434104,17886,16899,8940,117267,226,36,2264,113,0,71,2023-02-25,20,451003,9011,117267,0.0,0.0,0.0,non_track,2023-01-23,2023-02-05,2023-02-06,2023-02-25,2023-02-26,2023-03-07,44.0,36.0,10.0,3.142857142857143,1.8,1.0,2
157858920231,facebook,Lula_Fortune,Recklessly,traffic,903864886418,Album URI,2023-01-31,843.17934612,157962,5748,10462,8031,61255,35,77,1096,69,0,122,2023-02-28,29,168424,8153,61255,263817.0,98461.0,3293.3571428571427,non_track,2023-01-17,2023-01-30,2023-01-31,2023-02-28,2023-03-01,2023-03-10,14.0,27.0,7.0,1.0,0.9310344827586207,0.7,2
157858920231,facebook,Mr_Eddy,Do_It_for_Van_Gogh,traffic,666699650709,URL,2023-03-26,178.1448618,34415,6552,0,497,581,1,7,81,2,0,164,2023-03-31,6,34415,661,581,0.0,0.0,0.0,non_track,2023-03-12,2023-03-25,2023-03-26,2023-03-31,2023-04-01,2023-04-10,0.0,12.0,0.0,0.0,2.0,0.0,2
157858920231,facebook,Nikki_Grace,Havenhurst,traffic,83213715818,URL,2023-03-07,231.14808132,40930,1153,2183,854,7576,29,1,141,5,0,0,2023-03-14,8,43113,854,7576,0.0,0.0,0.0,non_track,2023-02-21,2023-03-06,2023-03-07,2023-03-14,2023-03-15,2023-03-24,0.0,8.0,10.0,0.0,1.0,1.0,1
157858920231,facebook,One_Adam_Kesher,White_Tail_Falls,traffic,206181357229,Album URI,2023-01-16,562.13081052,109519,5340,2700,2076,18315,3,2,109,3,0,44,2023-02-04,20,112219,2120,18315,0.0,0.0,0.0,non_track,2023-01-02,2023-01-15,2023-01-16,2023-02-04,2023-02-05,2023-02-14,0.0,76.0,21.0,0.0,3.8,2.1,4
157858920231,facebook,Pete_Dayton,Watching_Eyes,traffic,511622323131,Track URI,2023-02-24,93.27797336,19883,8815,1763,1234,8257,13,10,47,6,0,1,2023-03-02,7,21646,1235,8257,1068973.0,2842892.0,19082.071428571428,track,2023-02-10,2023-02-23,2023-02-24,2023-03-02,2023-03-03,2023-03-12,10.0,13.0,3.0,0.7142857142857143,1.8571428571428572,0.3,2
157858920231,facebook,Pete_Martell,Blue_Hour,traffic,768614100368,Playlist URI,2023-01-29,4367.56622058,1280948,38750,10767,6528,88830,1,12,245,13,0,194,2023-03-31,62,1291715,6722,88830,0.0,0.0,0.0,non_track,2023-01-15,2023-01-28,2023-01-29,2023-03-31,2023-04-01,2023-04-10,63.0,383.0,0.0,4.5,6.17741935483871,0.0,7
157858920231,facebook,Pete_Martell,Bus_Ride,traffic,768614100368,Playlist URI,2023-01-16,8643.31650486,2037105,48479,11773,12383,131987,1,5,346,22,0,264,2023-03-31,75,2048878,12647,131987,0.0,0.0,0.0,non_track,2023-01-02,2023-01-15,2023-01-16,2023-03-31,2023-04-01,2023-04-10,0.0,446.0,0.0,0.0,5.946666666666666,0.0,8
157858920231,facebook,Pete_Martell,No_hay_orquestra,traffic,768614100368,Playlist URI,2023-01-23,3793.3679798,1115436,29128,10895,6311,88444,4,35,439,37,0,603,2023-03-31,68,1126331,6914,88444,0.0,0.0,0.0,non_track,2023-01-09,2023-01-22,2023-01-23,2023-03-31,2023-04-01,2023-04-10,28.0,418.0,0.0,2.0,6.147058823529412,0.0,8
157858920231,facebook,Pete_Martell,White_Noise,traffic,768614100368,Playlist URI,2023-01-16,5950.24398226,1711277,36328,15164,9284,125286,1,9,290,26,0,270,2023-03-26,70,1726441,9554,125286,0.0,0.0,0.0,non_track,2023-01-02,2023-01-15,2023-01-16,2023-03-26,2023-03-27,2023-04-05,0.0,430.0,16.0,0.0,6.142857142857143,1.6,8
157858920231,facebook,Senorita_Dido,Crying_in_Spanish,traffic,432191283317,Playlist URI,2023-01-14,281.07102848,63844,3511,8535,5223,27666,72,4,1056,64,0,220,2023-02-05,23,72379,5443,27666,264999.0,112729.0,6547.142857142857,non_track,2022-12-31,2023-01-13,2023-01-14,2023-02-05,2023-02-06,2023-02-15,0.0,39.0,0.0,0.0,1.6956521739130435,0.0,3
157858920231,facebook,Senorita_Dido,The_Air_is_On_Fire,traffic,432191283317,Album URI,2023-02-21,562.2657678,110660,7440,8115,4668,37197,80,15,1247,118,0,92,2023-03-15,23,118775,4760,37197,738480.0,248190.0,11729.0,non_track,2023-02-07,2023-02-20,2023-02-21,2023-03-15,2023-03-16,2023-03-25,0.0,21.0,0.0,0.0,0.9130434782608695,0.0,1
157858920231,facebook,Senorita_Dido,True_Face,traffic,432191283317,URL,2023-03-28,105.12047468,30126,7760,3160,2569,11370,20,5,416,26,0,0,2023-03-31,4,33286,2569,11370,77805.0,0.0,25440.85714285714,non_track,2023-03-14,2023-03-27,2023-03-28,2023-03-31,2023-04-01,2023-04-10,0.0,4.0,0.0,0.0,1.0,0.0,1
157858920231,facebook,Sue_Blue,Time_Bomb,traffic,289103107357,Album URI,2023-02-07,843.46050712,133014,12519,2496,2966,32385,3,4,78,12,0,30,2023-02-23,17,135510,2996,32385,0.0,0.0,0.0,non_track,2023-01-24,2023-02-06,2023-02-07,2023-02-23,2023-02-24,2023-03-05,0.0,11.0,0.0,0.0,0.6470588235294118,0.0,1
157858920231,facebook,The_Lady_in_the_Radiator,Dont_Do_Anything_(I_Wouldnt_Do),traffic,67896315109,Track URI,2023-01-24,1095.89809936,247281,11240,6068,6165,55212,49,26,1747,93,0,262,2023-03-26,62,253349,6427,55212,1409389.0,156394.0,3168.214285714286,track,2023-01-10,2023-01-23,2023-01-24,2023-03-26,2023-03-27,2023-04-05,0.0,164.0,1.0,0.0,2.6451612903225805,0.1,6
157858920231,facebook,The_Lady_in_the_Radiator,Lodge_Spirits,traffic,67896315109,Track URI,2023-02-28,315.69881724,74472,8076,3247,1934,20835,6,10,672,54,0,92,2023-03-14,15,77719,2026,20835,340978.0,697961.0,5810.642857142857,track,2023-02-14,2023-02-27,2023-02-28,2023-03-14,2023-03-15,2023-03-24,28.0,68.0,30.0,2.0,4.533333333333333,3.0,6
157858920231,facebook,The_Man_in_the_Chair,Thoughtlessly,traffic,605595911338,URL,2023-03-24,69.35679548,13704,2171,0,239,276,3,2,30,3,0,18,2023-03-31,8,13704,257,276,35656.0,0.0,5428.0,non_track,2023-03-10,2023-03-23,2023-03-24,2023-03-31,2023-04-01,2023-04-10,0.0,8.0,0.0,0.0,1.0,0.0,1
157858920231,instagram,Albert_Rosenfield,Turning_and_Returning,traffic,67799395841,Track URI,2023-03-06,562.220782044,46112,4039,693,1499,11223,0,0,113,0,0,12,2023-03-18,13,46805,1511,11223,34880.0,20645.0,4205.642857142857,track,2023-02-20,2023-03-05,2023-03-06,2023-03-18,2023-03-19,2023-03-28,0.0,13.0,3.0,0.0,1.0,0.3,1
157858920231,instagram,Andy_Brennan,Lumber_Mill,traffic,118087234274,Track URI,2023-03-28,71.988462442,13725,3905,763,563,5892,1,0,67,0,0,52,2023-03-31,4,14488,615,5892,41952.0,0.0,12840.857142857143,track,2023-03-14,2023-03-27,2023-03-28,2023-03-31,2023-04-01,2023-04-10,0.0,4.0,0.0,0.0,1.0,0.0,1
157858920231,instagram,Angelo_Badalamenti_Himself,I_love_you,traffic,517079591438,URL,2023-03-28,383.222443,70697,14636,8109,2232,27674,8,0,865,0,0,76,2023-03-31,4,78806,2308,27674,61787.0,0.0,23454.35714285714,non_track,2023-03-14,2023-03-27,2023-03-28,2023-03-31,2023-04-01,2023-04-10,0.0,0.0,0.0,0.0,0.0,0.0,0
157858920231,instagram,Annie_Blackburn,Forgiveness,awareness,616610447432,Playlist URI,2023-01-31,562.17579628,377094,55858,1467,183,28027,0,0,870,0,0,0,2023-02-06,7,378561,183,28027,0.0,0.0,0.0,non_track,2023-01-17,2023-01-30,2023-01-31,2023-02-06,2023-02-07,2023-02-16,0.0,0.0,13.0,0.0,0.0,1.3,0
157858920231,instagram,Annie_Blackburn,Together_at_last,traffic,616610447432,Track URI,2023-02-07,562.16454984,130921,10439,3749,1867,24629,4,0,2491,4,0,430,2023-02-16,10,134670,2297,24629,0.0,0.0,0.0,track,2023-01-24,2023-02-06,2023-02-07,2023-02-16,2023-02-17,2023-02-26,0.0,13.0,14.0,0.0,1.3,1.4,2
157858920231,instagram,Audrey_Horne,Blue_Wig,traffic,122736490160,URL,2023-01-27,843.370536715,103022,5072,4266,2511,33143,17,0,3910,0,0,79,2023-02-08,13,107288,2590,33143,179405.0,80998.0,8531.857142857143,non_track,2023-01-13,2023-01-26,2023-01-27,2023-02-08,2023-02-09,2023-02-18,0.0,25.0,0.0,0.0,1.9230769230769231,0.0,2
157858920231,instagram,Betty_Elms,Finally_together,traffic,778416221539,Track URI,2023-01-17,616.33592,79823,5708,4942,2446,32644,13,0,2299,0,0,137,2023-02-06,21,84765,2583,32644,1737117.0,381235.0,15081.642857142857,track,2023-01-03,2023-01-16,2023-01-17,2023-02-06,2023-02-07,2023-02-16,11.0,53.0,10.0,0.7857142857142857,2.5238095238095237,1.0,3
157858920231,instagram,Betty_Elms,Option_A,traffic,778416221539,Track URI,2023-02-28,616.903744,80276,6842,4976,2907,31641,6,0,1925,0,0,144,2023-03-19,20,85252,3051,31641,957924.0,487432.0,30453.285714285714,track,2023-02-14,2023-02-27,2023-02-28,2023-03-19,2023-03-20,2023-03-29,5.0,35.0,9.0,0.35714285714285715,1.75,0.9,2
157858920231,instagram,Bill_Dayton,Angel_Vanishes,traffic,37470172606,Track URI,2023-03-07,244.30894767,43837,5043,2292,2153,17488,3,0,1232,0,0,83,2023-03-19,13,46129,2236,17488,0.0,0.0,0.0,track,2023-02-21,2023-03-06,2023-03-07,2023-03-19,2023-03-20,2023-03-29,14.0,26.0,14.0,1.0,2.0,1.4,2
157858920231,instagram,Bill_Dayton,Flying_Owl,traffic,37470172606,Track URI,2023-01-21,583.10196711,77346,3693,4106,2982,32350,7,0,2151,0,0,119,2023-02-11,22,81452,3101,32350,377339.0,210462.0,12332.92857142857,track,2023-01-07,2023-01-20,2023-01-21,2023-02-11,2023-02-12,2023-02-21,0.0,30.0,10.0,0.0,1.3636363636363635,1.0,2
157858920231,instagram,Bobby_Peru,Laura_Sees,traffic,903823308084,Track URI,2023-03-04,955.6774854399999,183505,16956,5967,2994,46179,10,0,1521,0,0,98,2023-03-25,22,189472,3092,46179,492538.0,101945.0,12473.214285714286,track,2023-02-18,2023-03-03,2023-03-04,2023-03-25,2023-03-26,2023-04-04,0.0,57.0,1.0,0.0,2.590909090909091,0.1,5
157858920231,instagram,Castigliane_Brothers,Crysknife,awareness,214383967636,Track URI,2023-02-17,1124.38533194,272295,33704,5461,610,54639,1,0,1198,0,0,157,2023-03-03,15,277756,767,54639,73816.0,146874.0,3489.1428571428573,track,2023-02-03,2023-02-16,2023-02-17,2023-03-03,2023-03-04,2023-03-13,0.0,10.0,8.0,0.0,0.6666666666666666,0.8,2
157858920231,instagram,Castigliane_Brothers,We_dont_stop_here_she_said,traffic,214383967636,Track URI,2023-03-14,1124.41907128,175173,18468,5625,5007,41968,2,0,1323,0,0,393,2023-03-28,15,180798,5400,41968,0.0,0.0,0.0,track,2023-02-28,2023-03-13,2023-03-14,2023-03-28,2023-03-29,2023-04-07,16.0,6.0,6.0,1.1428571428571428,0.4,0.6,2
157858920231,instagram,Catherine_Martell,Endlessly,traffic,778313175450,Track URI,2023-03-17,562.322,93121,12728,6998,2914,36490,6,0,1819,0,0,0,2023-03-27,11,100119,2914,36490,523655.0,336785.0,55249.142857142855,track,2023-03-03,2023-03-16,2023-03-17,2023-03-27,2023-03-28,2023-04-06,24.0,22.0,7.0,1.7142857142857142,2.0,0.7,2
157858920231,instagram,Catherine_Martell,No_Stars,awareness,778313175450,URL,2023-02-19,505.831131874,274095,37318,2560,282,40029,2,0,425,0,0,13,2023-03-12,22,276655,295,40029,0.0,0.0,0.0,non_track,2023-02-05,2023-02-18,2023-02-19,2023-03-12,2023-03-13,2023-03-22,0.0,46.0,16.0,0.0,2.090909090909091,1.6,3
157858920231,instagram,Chani,Loyal,traffic,940297440225,URL,2023-03-28,403.61120498,82633,23343,3871,930,14342,0,0,0,0,0,221,2023-03-31,4,86504,1151,14342,0.0,0.0,0.0,non_track,2023-03-14,2023-03-27,2023-03-28,2023-03-31,2023-04-01,2023-04-10,4.0,0.0,0.0,0.2857142857142857,0.0,0.0,0
157858920231,instagram,Chani,Tied_Up,awareness,940297440225,Track URI,2023-03-03,1124.554028481,528881,9772,5914,456,58509,1,0,1045,0,0,66,2023-03-24,22,534795,522,58509,1609715.0,369130.0,57136.42857142857,track,2023-02-17,2023-03-02,2023-03-03,2023-03-24,2023-03-25,2023-04-03,0.0,15.0,0.0,0.0,0.6818181818181818,0.0,1
157858920231,instagram,Coco,Blue_Velvet,traffic,187337675796,Track URI,2023-02-14,562.09707124,150129,26720,4427,1125,32216,13,0,2405,0,0,280,2023-02-23,10,154556,1405,32216,0.0,0.0,0.0,track,2023-01-31,2023-02-13,2023-02-14,2023-02-23,2023-02-24,2023-03-05,0.0,12.0,0.0,0.0,1.2,0.0,2
157858920231,instagram,Count_Fenring,Red_Curtains,traffic,511340909446,Track URI,2023-03-13,562.27701424,125028,7178,11008,7778,52950,1,0,3326,0,0,33,2023-03-30,18,136036,7811,52950,0.0,0.0,0.0,track,2023-02-27,2023-03-12,2023-03-13,2023-03-30,2023-03-31,2023-04-09,8.0,16.0,0.0,0.5714285714285714,0.8888888888888888,0.0,1
157858920231,instagram,Cynthia,Agoraphobia,traffic,103577805634,Track URI,2023-03-10,561.88338884,38662,3338,1875,2198,16248,2,0,298,0,0,21,2023-03-29,20,40537,2219,16248,334666.0,14118.0,17385.285714285714,track,2023-02-24,2023-03-09,2023-03-10,2023-03-29,2023-03-30,2023-04-08,0.0,41.0,0.0,0.0,2.05,0.0,3
157858920231,instagram,Dale_Cooper,Automatically,traffic,569131587866,Track URI,2023-02-26,2773.696801094,371165,15031,19661,6581,105333,9,0,4775,0,0,656,2023-03-24,27,390826,7237,105333,1335306.0,224042.0,22791.0,track,2023-02-12,2023-02-25,2023-02-26,2023-03-24,2023-03-25,2023-04-03,0.0,28.0,0.0,0.0,1.037037037037037,0.0,2
157858920231,instagram,Dale_Cooper,Stage_Fright,awareness,569131587866,Track URI,2023-01-12,617.113592,101970,20831,1233,188,13142,2,0,418,0,0,63,2023-01-21,10,103203,251,13142,0.0,0.0,0.0,track,2022-12-29,2023-01-11,2023-01-12,2023-01-21,2023-01-22,2023-01-31,0.0,8.0,0.0,0.0,0.8,0.0,1
157858920231,instagram,David_Lynch_Himself,Love_was_ours,traffic,993262183456,Track URI,2023-01-31,281.161000004,49795,4393,1349,859,8469,2,0,389,0,0,43,2023-02-17,18,51144,902,8469,54411.0,10290.0,453.2857142857143,track,2023-01-17,2023-01-30,2023-01-31,2023-02-17,2023-02-18,2023-02-27,0.0,0.0,0.0,0.0,0.0,0.0,0
157858920231,instagram,Denise_Bryson,Clean_Slate,traffic,394355408112,Track URI,2023-03-04,281.01479628,45244,2554,1771,571,7173,0,0,0,0,0,87,2023-03-24,21,47015,658,7173,45507.0,4995.0,456.14285714285717,track,2023-02-18,2023-03-03,2023-03-04,2023-03-24,2023-03-25,2023-04-03,0.0,21.0,1.0,0.0,1.0,0.1,1
157858920231,instagram,Diane_Evans,Deafening_Silence,traffic,631264164204,Track URI,2023-01-28,1124.5427821,192496,19570,22684,2365,88175,7,0,6182,0,0,72,2023-02-19,23,215180,2437,88175,826105.0,417320.0,7067.357142857143,track,2023-01-14,2023-01-27,2023-01-28,2023-02-19,2023-02-20,2023-03-01,0.0,0.0,0.0,0.0,0.0,0.0,0
157858920231,instagram,Doc_Hayward,Straight_from_your_heart,traffic,565252534266,URL,2023-03-24,277.4496748,30763,3790,915,171,5423,1,0,490,0,0,0,2023-03-31,8,31678,171,5423,0.0,0.0,0.0,non_track,2023-03-10,2023-03-23,2023-03-24,2023-03-31,2023-04-01,2023-04-10,0.0,0.0,0.0,0.0,0.0,0.0,0
157858920231,instagram,Frank_Booth,Rain_Dance,traffic,913729878833,Track URI,2023-02-10,575.49389169,99941,7707,4302,1839,29519,6,0,3185,1,0,90,2023-02-22,13,104243,1929,29519,1946701.0,2370913.0,89088.5,track,2023-01-27,2023-02-09,2023-02-10,2023-02-22,2023-02-23,2023-03-04,0.0,24.0,3.0,0.0,1.8461538461538463,0.3,2
157858920231,instagram,Frank_Booth,Today_No_Music!,traffic,913729878833,Album URI,2023-03-03,1686.819796216,253848,21664,14942,10186,79127,12,0,5410,0,0,62,2023-03-25,23,268790,10248,79127,0.0,0.0,0.0,non_track,2023-02-17,2023-03-02,2023-03-03,2023-03-25,2023-03-26,2023-04-04,11.0,19.0,0.0,0.7857142857142857,0.8260869565217391,0.0,1
157858920231,instagram,Glossu_Rabban,Attic_Discovery,traffic,42863528974,Playlist URI,2023-03-07,2249.063071053,155370,15564,4259,4061,42198,3,0,1514,0,0,45,2023-03-20,14,159629,4106,42198,550250.0,507455.0,34411.78571428572,non_track,2023-02-21,2023-03-06,2023-03-07,2023-03-20,2023-03-21,2023-03-30,14.0,32.0,10.0,1.0,2.2857142857142856,1.0,4
157858920231,instagram,Gordon_Cole,Rita_Appears,traffic,663102993334,Track URI,2023-03-17,895.261609763,87671,4894,4470,2456,29377,0,0,843,0,0,16,2023-03-31,15,92141,2472,29377,326512.0,0.0,14647.92857142857,track,2023-03-03,2023-03-16,2023-03-17,2023-03-31,2023-04-01,2023-04-10,0.0,57.0,0.0,0.0,3.8,0.0,4
157858920231,instagram,Gurney_Halleck,Packards_Vibration,traffic,114531372146,URL,2023-02-21,562.08582476,96811,9097,3171,691,9940,0,0,0,0,0,0,2023-02-28,8,99982,691,9940,0.0,0.0,0.0,non_track,2023-02-07,2023-02-20,2023-02-21,2023-02-28,2023-03-01,2023-03-10,51.0,15.0,10.0,3.642857142857143,1.875,1.0,2
157858920231,instagram,Gurney_Halleck,Post_Painterly_Abstraction,traffic,114531372146,URL,2023-02-21,843.224331889,86224,4773,4490,1352,21573,3,0,1022,0,0,0,2023-02-28,8,90714,1352,21573,0.0,0.0,0.0,non_track,2023-02-07,2023-02-20,2023-02-21,2023-02-28,2023-03-01,2023-03-10,51.0,15.0,10.0,3.642857142857143,1.875,1.0,2
157858920231,instagram,Jeffrey_Beaumont,No_Thing,traffic,379017089087,Album URI,2023-01-10,280.519952921,46242,4166,2339,1673,16746,11,0,1757,0,0,34,2023-01-18,9,48581,1707,16746,256664.0,170066.0,3068.5,non_track,2022-12-27,2023-01-09,2023-01-10,2023-01-18,2023-01-19,2023-01-28,0.0,22.0,5.0,0.0,2.4444444444444446,0.5,4
157858920231,instagram,Juana_Durango,Without_a_Doubt,traffic,864337936717,Album URI,2023-01-22,2154.456198294,278178,9081,10899,10659,82012,60,0,2538,0,0,111,2023-02-21,31,289077,10770,82012,0.0,0.0,0.0,non_track,2023-01-08,2023-01-21,2023-01-22,2023-02-21,2023-02-22,2023-03-03,18.0,64.0,14.0,1.2857142857142858,2.064516129032258,1.4,4
157858920231,instagram,Julee_Cruise_Herself,Moon_Dance,traffic,858742406523,Track URI,2023-03-20,732.72805888,156451,4265,5728,2746,37913,5,0,4880,0,0,249,2023-03-31,12,162179,2995,37913,563105.0,0.0,54182.57142857143,track,2023-03-06,2023-03-19,2023-03-20,2023-03-31,2023-04-01,2023-04-10,3.0,35.0,0.0,0.21428571428571427,2.9166666666666665,0.0,3
157858920231,instagram,Killer_BOB,Seed,traffic,60541139717,URL,2023-02-21,1124.542782058,177743,8005,12618,4624,52561,10,0,4723,1,0,0,2023-03-05,13,190361,4624,52561,0.0,0.0,0.0,non_track,2023-02-07,2023-02-20,2023-02-21,2023-03-05,2023-03-06,2023-03-15,0.0,13.0,10.0,0.0,1.0,1.0,1
157858920231,instagram,Lady_Jessica,Llorando,traffic,970016308958,Track URI,2023-03-25,294.533017158,34091,5504,1118,1493,11687,0,0,190,0,0,7,2023-03-31,7,35209,1500,11687,0.0,0.0,0.0,track,2023-03-11,2023-03-24,2023-03-25,2023-03-31,2023-04-01,2023-04-10,0.0,21.0,0.0,0.0,3.0,0.0,3
157858920231,instagram,Lady_Jessica,Psytrance,traffic,970016308958,Track URI,2023-01-23,337.28073673,84614,7301,2563,3197,27763,3,0,230,0,0,15,2023-02-04,13,87177,3212,27763,0.0,0.0,0.0,track,2023-01-09,2023-01-22,2023-01-23,2023-02-04,2023-02-05,2023-02-14,0.0,35.0,1.0,0.0,2.6923076923076925,0.1,3
157858920231,instagram,Lauras_Angel,Questions_in_a_World_of_Blue,traffic,779165140623,Album URI,2023-01-31,1123.384403204,136299,8986,3794,5472,47991,0,0,1176,0,0,43,2023-02-12,13,140093,5515,47991,554485.0,315818.0,17643.0,non_track,2023-01-17,2023-01-30,2023-01-31,2023-02-12,2023-02-13,2023-02-22,0.0,22.0,0.0,0.0,1.6923076923076923,0.0,2
157858920231,instagram,Log_Lady,Got_a_Light_Again,traffic,791586853774,Album URI,2023-02-14,899.625228525,199707,32856,3837,1700,16465,1,0,159,0,0,35,2023-03-10,25,203544,1735,16465,676962.0,192391.0,6359.214285714285,non_track,2023-01-31,2023-02-13,2023-02-14,2023-03-10,2023-03-11,2023-03-20,11.0,20.0,0.0,0.7857142857142857,0.8,0.0,2
157858920231,instagram,Lucy_Moran,Behind_the_mask,awareness,384327699947,URL,2023-01-24,280.90233188,125754,15913,661,82,33919,0,0,158,0,0,14,2023-02-06,14,126415,96,33919,118995.0,118929.0,8501.714285714286,non_track,2023-01-10,2023-01-23,2023-01-24,2023-02-06,2023-02-07,2023-02-16,0.0,44.0,10.0,0.0,3.142857142857143,1.0,4
157858920231,instagram,Lula_Fortune,Recklessly,traffic,903864886418,Album URI,2023-01-31,842.920681385,134862,3371,7727,7908,61383,25,0,1907,0,0,96,2023-02-25,26,142589,8004,61383,229228.0,107214.0,3293.3571428571427,non_track,2023-01-17,2023-01-30,2023-01-31,2023-02-25,2023-02-26,2023-03-07,14.0,27.0,8.0,1.0,1.0384615384615385,0.8,2
157858920231,instagram,Major_Briggs,Gutai,traffic,106206807592,Track URI,2023-03-21,562.24327492,131103,15664,852,782,10404,3,0,290,0,0,94,2023-03-31,11,131955,876,10404,35536.0,0.0,1830.857142857143,track,2023-03-07,2023-03-20,2023-03-21,2023-03-31,2023-04-01,2023-04-10,4.0,20.0,0.0,0.2857142857142857,1.8181818181818181,0.0,2
157858920231,instagram,Monica_Bellucci_Herself,Coffee_and_Pie,awareness,137277385600,Track URI,2023-02-21,987.359528,341458,63149,1815,637,11758,0,0,0,0,0,81,2023-03-03,11,343273,718,11758,0.0,0.0,0.0,track,2023-02-07,2023-02-20,2023-02-21,2023-03-03,2023-03-04,2023-03-13,0.0,17.0,20.0,0.0,1.5454545454545454,2.0,2
157858920231,instagram,Mr_Eddy,Do_It_for_Van_Gogh,traffic,666699650709,URL,2023-03-26,338.00791092,66425,7498,0,1045,1384,3,0,335,0,0,372,2023-03-31,6,66425,1417,1384,0.0,0.0,0.0,non_track,2023-03-12,2023-03-25,2023-03-26,2023-03-31,2023-04-01,2023-04-10,0.0,12.0,0.0,0.0,2.0,0.0,2
157858920231,instagram,Mr_Roque,Picnic_Mystery,awareness,29106555714,URL,2023-02-05,5621.353091033,2545292,69755,9150,1678,86312,2,0,587,0,0,0,2023-03-08,32,2554442,1678,86312,0.0,0.0,0.0,non_track,2023-01-22,2023-02-04,2023-02-05,2023-03-08,2023-03-09,2023-03-18,0.0,0.0,0.0,0.0,0.0,0.0,0
157858920231,instagram,Mrs_Tremond,Clear_Skies,traffic,868809730610,Track URI,2023-01-23,843.471756953,366518,20278,16357,9098,115051,21,0,911,0,0,66,2023-02-13,22,382875,9164,115051,14684.0,5080.0,868.5,track,2023-01-09,2023-01-22,2023-01-23,2023-02-13,2023-02-14,2023-02-23,0.0,45.0,20.0,0.0,2.0454545454545454,2.0,3
157858920231,instagram,Mrs_Tremonds_Grandson,Wake_Up,traffic,766135693451,URL,2023-02-11,3.29520692,759,751,88,82,384,0,0,4,0,0,0,2023-02-11,1,847,82,384,0.0,0.0,0.0,non_track,2023-01-28,2023-02-10,2023-02-11,2023-02-11,2023-02-12,2023-02-21,10.0,2.0,20.0,0.7142857142857143,2.0,2.0,2
157858920231,instagram,Mystery_Man,Courageously,traffic,929087636537,Track URI,2023-01-27,1286.60593368,245669,8593,16067,5852,90223,7,0,3163,2,0,321,2023-02-24,29,261736,6173,90223,9031159.0,8071633.0,121469.5,track,2023-01-13,2023-01-26,2023-01-27,2023-02-24,2023-02-25,2023-03-06,0.0,66.0,43.0,0.0,2.2758620689655173,4.3,6
157858920231,instagram,Mystery_Man,Jade_Give_Two_Rides,traffic,929087636537,Album URI,2023-02-24,1400.45601561,255559,17994,19565,14213,113128,8,0,3662,0,0,49,2023-03-16,21,275124,14262,113128,0.0,0.0,0.0,non_track,2023-02-10,2023-02-23,2023-02-24,2023-03-16,2023-03-17,2023-03-26,35.0,71.0,20.0,2.5,3.380952380952381,2.0,5
157858920231,instagram,Mystery_Man,Sleep_Mode,traffic,929087636537,URL,2023-02-04,1124.44156408,229462,19744,13166,5174,52828,6,0,1009,0,0,134,2023-02-17,14,242628,5308,52828,0.0,0.0,0.0,non_track,2023-01-21,2023-02-03,2023-02-04,2023-02-17,2023-02-18,2023-02-27,8.0,41.0,32.0,0.5714285714285714,2.9285714285714284,3.2,3
157858920231,instagram,Nadine_Hurley,Chance_Taken,traffic,318733585791,URL,2023-03-17,1124.2616211,221496,21292,0,3319,5130,5,0,1781,0,0,112,2023-03-30,14,221496,3431,5130,0.0,0.0,0.0,non_track,2023-03-03,2023-03-16,2023-03-17,2023-03-30,2023-03-31,2023-04-09,0.0,14.0,1.0,0.0,1.0,0.1,1
157858920231,instagram,Nikki_Grace,Havenhurst,traffic,83213715818,URL,2023-03-07,1117.46877128,119418,1455,8306,2181,30993,21,0,1789,0,0,0,2023-03-31,25,127724,2181,30993,0.0,0.0,0.0,non_track,2023-02-21,2023-03-06,2023-03-07,2023-03-31,2023-04-01,2023-04-10,0.0,8.0,0.0,0.0,0.32,0.0,1
157858920231,instagram,One_Adam_Kesher,White_Tail_Falls,traffic,206181357229,Album URI,2023-01-16,562.198286911,133029,7329,4269,3876,38325,11,0,1389,0,0,85,2023-02-05,21,137298,3961,38325,0.0,0.0,0.0,non_track,2023-01-02,2023-01-15,2023-01-16,2023-02-05,2023-02-06,2023-02-15,0.0,78.0,20.0,0.0,3.7142857142857144,2.0,4
157858920231,instagram,Pete_Dayton,Money,traffic,511622323131,Album URI,2023-02-14,281.02604272,64739,4974,1161,898,10563,1,0,387,0,0,39,2023-03-01,16,65900,937,10563,0.0,0.0,0.0,non_track,2023-01-31,2023-02-13,2023-02-14,2023-03-01,2023-03-02,2023-03-11,0.0,6.0,1.0,0.0,0.375,0.1,1
157858920231,instagram,Pete_Dayton,Town_of_Twin_Peaks,traffic,511622323131,Album URI,2023-01-27,281.161,66237,9280,882,411,4153,0,0,0,0,0,29,2023-02-06,11,67119,440,4153,0.0,0.0,0.0,non_track,2023-01-13,2023-01-26,2023-01-27,2023-02-06,2023-02-07,2023-02-16,0.0,0.0,0.0,0.0,0.0,0.0,0
157858920231,instagram,Pete_Dayton,Watching_Eyes,traffic,511622323131,Track URI,2023-02-24,187.88302664,34509,10247,1867,819,10637,1,0,127,0,0,7,2023-03-05,10,36376,826,10637,2204652.0,2254135.0,19082.071428571428,track,2023-02-10,2023-02-23,2023-02-24,2023-03-05,2023-03-06,2023-03-15,0.0,7.0,0.0,0.0,0.7,0.0,1
157858920231,instagram,Pete_Martell,Blue_Hour,traffic,768614100368,Playlist URI,2023-01-29,6746.222017491,1845540,28293,15624,15322,123215,0,0,1855,0,0,3765,2023-03-31,62,1861164,19087,123215,0.0,0.0,0.0,non_track,2023-01-15,2023-01-28,2023-01-29,2023-03-31,2023-04-01,2023-04-10,63.0,382.0,0.0,4.5,6.161290322580645,0.0,7
157858920231,instagram,Pete_Martell,Bus_Ride,traffic,768614100368,Playlist URI,2023-01-16,8927.851435425,1763515,39671,17295,16683,161392,4,0,796,0,0,955,2023-03-31,75,1780810,17638,161392,0.0,0.0,0.0,non_track,2023-01-02,2023-01-15,2023-01-16,2023-03-31,2023-04-01,2023-04-10,0.0,445.0,0.0,0.0,5.933333333333334,0.0,8
157858920231,instagram,Pete_Martell,No_hay_orquestra,traffic,768614100368,Playlist URI,2023-01-23,3791.343619476,1153847,20331,11659,17795,121085,8,0,3719,0,0,7603,2023-03-31,68,1165506,25398,121085,0.0,0.0,0.0,non_track,2023-01-09,2023-01-22,2023-01-23,2023-03-31,2023-04-01,2023-04-10,28.0,417.0,0.0,2.0,6.132352941176471,0.0,8
157858920231,instagram,Pete_Martell,White_Noise,traffic,768614100368,Playlist URI,2023-01-16,7162.419033769,1975530,35861,18203,15996,127580,1,0,855,0,0,3255,2023-03-27,71,1993733,19251,127580,0.0,0.0,0.0,non_track,2023-01-02,2023-01-15,2023-01-16,2023-03-27,2023-03-28,2023-04-06,0.0,433.0,12.0,0.0,6.098591549295775,1.2,8
157858920231,instagram,Phillip_Jeffries,You_and_I,traffic,690884148856,Track URI,2023-02-28,281.09352136,52392,4046,1714,1282,12468,0,0,622,0,0,93,2023-03-19,20,54106,1375,12468,173255.0,65927.0,3985.6428571428573,track,2023-02-14,2023-02-27,2023-02-28,2023-03-19,2023-03-20,2023-03-29,0.0,11.0,0.0,0.0,0.55,0.0,1
157858920231,instagram,Piter_De_Vries,Shortcut,traffic,53466793668,Track URI,2023-01-21,281.09352136,58650,6458,2291,847,12123,4,0,483,0,0,43,2023-02-04,15,60941,890,12123,32601.0,18068.0,1214.9285714285713,track,2023-01-07,2023-01-20,2023-01-21,2023-02-04,2023-02-05,2023-02-14,0.0,10.0,0.0,0.0,0.6666666666666666,0.0,1
157858920231,instagram,Princess_Irulan,Snake_Eyes_Roll,traffic,677350752542,Track URI,2023-02-14,625.516521188,119225,11446,4970,3105,30509,10,0,563,0,0,60,2023-03-07,22,124195,3165,30509,191950.0,66556.0,2049.714285714286,track,2023-01-31,2023-02-13,2023-02-14,2023-03-07,2023-03-08,2023-03-17,0.0,0.0,0.0,0.0,0.0,0.0,0
157858920231,instagram,Renee_Madison,Woodsmen,traffic,334421042373,Track URI,2023-02-21,281.09352136,61272,7156,852,520,6150,0,0,66,0,0,0,2023-03-03,11,62124,520,6150,110156.0,85603.0,5934.928571428572,track,2023-02-07,2023-02-20,2023-02-21,2023-03-03,2023-03-04,2023-03-13,0.0,0.0,0.0,0.0,0.0,0.0,0
157858920231,instagram,Rita,Slow_Motion,traffic,793945412189,Album URI,2023-02-19,559.53288289,82117,39707,2267,928,12316,2,0,163,0,0,87,2023-02-24,6,84384,1015,12316,287202.0,245780.0,37532.642857142855,non_track,2023-02-05,2023-02-18,2023-02-19,2023-02-24,2023-02-25,2023-03-06,0.0,1.0,0.0,0.0,0.16666666666666666,0.0,1
157858920231,instagram,Sailor_Ripley,Premonition,traffic,965988138346,Playlist URI,2023-01-27,1686.69608544,493749,25368,9465,3000,94042,25,0,6751,0,0,125,2023-02-15,20,503214,3125,94042,2639005.0,626984.0,59610.92857142857,non_track,2023-01-13,2023-01-26,2023-01-27,2023-02-15,2023-02-16,2023-02-25,0.0,36.0,10.0,0.0,1.8,1.0,3
157858920231,instagram,Sailor_Ripley,Trinity_Test,traffic,229785770598,Album URI,2023-03-01,1648.773089756,265033,4234,9100,9154,76317,4,0,1647,0,0,431,2023-03-31,31,274133,9585,76317,0.0,0.0,0.0,non_track,2023-02-15,2023-02-28,2023-03-01,2023-03-31,2023-04-01,2023-04-10,0.0,31.0,0.0,0.0,1.0,0.0,1
157858920231,instagram,Senorita_Dido,Crying_in_Spanish,traffic,432191283317,Playlist URI,2023-01-14,281.014795155,49337,2302,7208,2888,21630,15,0,789,0,0,277,2023-02-01,19,56545,3165,21630,227162.0,102563.0,6547.142857142857,non_track,2022-12-31,2023-01-13,2023-01-14,2023-02-01,2023-02-02,2023-02-11,0.0,31.0,12.0,0.0,1.631578947368421,1.2,3
157858920231,instagram,Senorita_Dido,The_Air_is_On_Fire,traffic,432191283317,Album URI,2023-02-21,561.77092444,57283,3734,5492,1502,16748,0,0,0,0,0,210,2023-03-13,21,62775,1712,16748,676715.0,266999.0,11729.0,non_track,2023-02-07,2023-02-20,2023-02-21,2023-03-13,2023-03-14,2023-03-23,0.0,21.0,2.0,0.0,1.0,0.2,1
157858920231,instagram,Senorita_Dido,True_Face,traffic,432191283317,URL,2023-03-28,107.9095918,16155,4073,1716,1088,6952,8,0,281,0,0,4,2023-03-31,4,17871,1092,6952,77805.0,0.0,25440.85714285714,non_track,2023-03-14,2023-03-27,2023-03-28,2023-03-31,2023-04-01,2023-04-10,2.0,4.0,0.0,0.14285714285714285,1.0,0.0,1
157858920231,instagram,Shelly_Johnson,Sometimes_Always,awareness,390712864216,Track URI,2023-03-18,617.175312,355805,39800,2655,176,23301,0,0,284,0,0,23,2023-03-30,13,358460,199,23301,314500.0,0.0,10389.5,track,2023-03-04,2023-03-17,2023-03-18,2023-03-30,2023-03-31,2023-04-09,0.0,13.0,0.0,0.0,1.0,0.0,1
157858920231,instagram,Spice_Melange_Itself,Sometimes_A_Wind_Blows,traffic,43158357218,Album URI,2023-01-27,699.42887949,132754,17023,4887,2254,31848,6,0,828,0,0,175,2023-02-04,9,137641,2429,31848,0.0,0.0,0.0,non_track,2023-01-13,2023-01-26,2023-01-27,2023-02-04,2023-02-05,2023-02-14,0.0,9.0,9.0,0.0,1.0,0.9,2
157858920231,instagram,Sue_Blue,Time_Bomb,traffic,289103107357,Album URI,2023-02-07,842.999403082,90807,9123,1956,3174,26651,0,0,99,0,0,25,2023-02-17,11,92763,3199,26651,0.0,0.0,0.0,non_track,2023-01-24,2023-02-06,2023-02-07,2023-02-17,2023-02-18,2023-02-27,0.0,11.0,6.0,0.0,1.0,0.6,1
157858920231,instagram,The_Fireman,Delete,traffic,265925730908,Track URI,2023-03-07,933.4659907719999,173365,25560,6609,5274,44959,9,0,1911,0,0,225,2023-03-21,15,179974,5499,44959,3223379.0,1597769.0,42599.92857142857,track,2023-02-21,2023-03-06,2023-03-07,2023-03-21,2023-03-22,2023-03-31,0.0,8.0,0.0,0.0,0.5333333333333333,0.0,2
157858920231,instagram,The_Lady_in_the_Radiator,Dont_Do_Anything_(I_Wouldnt_Do),traffic,67896315109,Track URI,2023-01-24,1152.310242405,158419,6582,4595,3512,49436,10,0,2596,0,0,453,2023-03-27,63,163014,3965,49436,1453748.0,112035.0,3168.214285714286,track,2023-01-10,2023-01-23,2023-01-24,2023-03-27,2023-03-28,2023-04-06,0.0,162.0,0.0,0.0,2.5714285714285716,0.0,6
157858920231,instagram,The_Lady_in_the_Radiator,Lodge_Spirits,traffic,67896315109,Track URI,2023-02-28,314.844087799,46369,3300,1543,695,11837,0,0,494,0,0,169,2023-03-16,17,47912,864,11837,516703.0,611780.0,5810.642857142857,track,2023-02-14,2023-02-27,2023-02-28,2023-03-16,2023-03-17,2023-03-26,28.0,74.0,24.0,2.0,4.352941176470588,2.4,6
157858920231,instagram,The_Man_in_the_Chair,Thoughtlessly,traffic,605595911338,URL,2023-03-24,79.46734504,9917,1616,0,124,250,1,0,111,0,0,13,2023-03-31,8,9917,137,250,35656.0,0.0,5428.0,non_track,2023-03-10,2023-03-23,2023-03-24,2023-03-31,2023-04-01,2023-04-10,0.0,8.0,0.0,0.0,1.0,0.0,1
157858920231,instagram,Thomas_Eckhardt,Shattered_Glass,traffic,481488058188,Track URI,2023-02-12,562.232029597,53695,3478,2232,1367,17034,19,0,1205,0,0,85,2023-03-01,18,55927,1452,17034,123261.0,80422.0,7267.0,track,2023-01-29,2023-02-11,2023-02-12,2023-03-01,2023-03-02,2023-03-11,0.0,34.0,0.0,0.0,1.8888888888888888,0.0,2
157858920231,other,Glossu_Rabban,Attic_Discovery,traffic,42863528974,Playlist URI,2023-03-07,0.0,1,0,0,0,0,0,0,0,0,0,0,2023-03-07,1,1,0,0,43661.0,371103.0,34411.78571428572,non_track,2023-02-21,2023-03-06,2023-03-07,2023-03-07,2023-03-08,2023-03-17,14.0,4.0,35.0,1.0,4.0,3.5,4
157858920231,other,Jeffrey_Beaumont,No_Thing,traffic,379017089087,Album URI,2023-01-10,0.0,0,0,0,0,0,0,0,0,0,0,0,2023-01-10,1,0,0,0,40275.0,250443.0,3068.5,non_track,2022-12-27,2023-01-09,2023-01-10,2023-01-10,2023-01-11,2023-01-20,0.0,2.0,32.0,0.0,2.0,3.2,2
157858920231,other,Lula_Fortune,Recklessly,traffic,903864886418,Album URI,2023-02-14,0.0,0,0,0,0,0,0,0,0,0,0,0,2023-02-14,1,0,0,0,28596.0,155337.0,2435.3571428571427,non_track,2023-01-31,2023-02-13,2023-02-14,2023-02-14,2023-02-15,2023-02-24,28.0,2.0,20.0,2.0,2.0,2.0,2
157858920231,other,Mrs_Tremond,Clear_Skies,traffic,868809730610,Track URI,2023-01-23,0.0,0,0,0,0,0,0,0,0,0,0,0,2023-01-23,1,0,0,0,1281.0,7186.0,868.5,track,2023-01-09,2023-01-22,2023-01-23,2023-01-23,2023-01-24,2023-02-02,0.0,3.0,30.0,0.0,3.0,3.0,3
157858920231,other,Mystery_Man,Jade_Give_Two_Rides,traffic,929087636537,Album URI,2023-02-24,0.0,1,0,0,0,0,0,0,0,0,0,0,2023-03-06,11,1,0,0,0.0,0.0,0.0,non_track,2023-02-10,2023-02-23,2023-02-24,2023-03-06,2023-03-07,2023-03-16,57.0,49.0,33.0,4.071428571428571,4.454545454545454,3.3,6
157858920231,other,Pete_Martell,Blue_Hour,traffic,768614100368,Playlist URI,2023-01-29,0.0,0,0,0,0,0,0,0,0,0,0,0,2023-03-19,50,0,0,0,0.0,0.0,0.0,non_track,2023-01-15,2023-01-28,2023-01-29,2023-03-19,2023-03-20,2023-03-29,64.0,400.0,75.0,4.571428571428571,8.0,7.5,8
157858920231,other,Pete_Martell,Bus_Ride,traffic,768614100368,Playlist URI,2023-01-16,0.0,0,0,0,0,0,0,0,0,0,0,0,2023-01-27,12,0,0,0,0.0,0.0,0.0,non_track,2023-01-02,2023-01-15,2023-01-16,2023-01-27,2023-01-28,2023-02-06,0.0,58.0,78.0,0.0,4.833333333333333,7.8,6
157858920231,other,Pete_Martell,No_hay_orquestra,traffic,768614100368,Playlist URI,2023-01-23,0.0,0,0,0,0,0,0,0,0,0,0,0,2023-03-20,57,0,0,0,0.0,0.0,0.0,non_track,2023-01-09,2023-01-22,2023-01-23,2023-03-20,2023-03-21,2023-03-30,28.0,444.0,73.0,2.0,7.7894736842105265,7.3,8
157858920231,other,Pete_Martell,White_Noise,traffic,768614100368,Playlist URI,2023-01-16,0.011245315,1,0,0,0,0,0,0,0,0,0,0,2023-03-07,51,1,0,0,0.0,0.0,0.0,non_track,2023-01-02,2023-01-15,2023-01-16,2023-03-07,2023-03-08,2023-03-17,0.0,368.0,80.0,0.0,7.215686274509804,8.0,8
157858920231,other,Rita,Slow_Motion,traffic,793945412189,Album URI,2023-02-19,0.0,0,0,0,0,0,0,0,0,0,0,0,2023-02-19,1,0,0,0,62724.0,369856.0,37532.642857142855,non_track,2023-02-05,2023-02-18,2023-02-19,2023-02-19,2023-02-20,2023-03-01,0.0,1.0,5.0,0.0,1.0,0.5,1
157858920231,other,Spice_Melange_Itself,Sometimes_A_Wind_Blows,traffic,43158357218,Album URI,2023-01-27,0.0,0,0,0,0,0,0,0,0,0,0,0,2023-01-27,1,0,0,0,0.0,0.0,0.0,non_track,2023-01-13,2023-01-26,2023-01-27,2023-01-27,2023-01-28,2023-02-06,0.0,1.0,18.0,0.0,1.0,1.8,1
158961935156,youtube,Bobby_Peru,Laura_Sees,video_views,903823308084,Track URI,2023-03-10,224.93835497999999,292136,41780,5041,0,5493,0,0,0,0,0,0,2023-03-18,9,297177,0,452,193207.0,207001.0,17863.5,track,2023-02-24,2023-03-09,2023-03-10,2023-03-18,2023-03-19,2023-03-28,15.0,36.0,20.0,1.0714285714285714,4.0,2.0,4
163066239216,youtube,Bobby_Peru,Silencio,video_views,903823308084,URL,2023-01-12,1300.3677324999999,1927599,189554,26445,0,33822,0,0,0,0,0,0,2023-01-27,16,1954044,0,7377,0.0,0.0,0.0,non_track,2022-12-29,2023-01-11,2023-01-12,2023-01-27,2023-01-28,2023-02-06,0.0,16.0,0.0,0.0,1.0,0.0,1
164599260734,snapchat,One_Adam_Kesher,White_Tail_Falls,traffic,206181357229,Album URI,2023-01-16,562.322000014,60759,3693,4732,1391,0,0,0,0,0,0,0,2023-02-27,43,65491,1391,0,0.0,0.0,0.0,non_track,2023-01-02,2023-01-15,2023-01-16,2023-02-27,2023-02-28,2023-03-09,0.0,100.0,10.0,0.0,2.3255813953488373,1.0,4
180273477566,youtube,Tom_Beaumont,Signs,video_views,963210974654,Track URI,2023-03-06,475.44888322,40838,6517,22407,146,32133,0,0,0,0,0,0,2023-03-13,8,63245,146,9726,3154844.0,2258710.0,233633.07142857142,track,2023-02-20,2023-03-05,2023-03-06,2023-03-13,2023-03-14,2023-03-23,0.0,8.0,0.0,0.0,1.0,0.0,1
181572643934,instagram,Log_Lady,Ame_Solitaire,traffic,791586853774,Track URI,2023-01-11,677.302936,58587,7249,5139,1465,20958,1,0,39,0,0,0,2023-01-20,10,63726,1465,20958,105769.0,66951.0,4877.357142857143,track,2022-12-28,2023-01-10,2023-01-11,2023-01-20,2023-01-21,2023-01-30,0.0,16.0,0.0,0.0,1.6,0.0,2
184825548851,youtube,Major_Briggs,Blue_Velvet_Curtain,video_views,106206807592,Track URI,2023-03-19,281.54054261199997,20577,2092,13420,25,17458,0,0,0,0,0,0,2023-03-30,12,33997,25,4038,0.0,0.0,0.0,track,2023-03-05,2023-03-18,2023-03-19,2023-03-30,2023-03-31,2023-04-09,0.0,22.0,1.0,0.0,1.8333333333333333,0.1,2
199418730380,youtube,Castigliane_Brothers,Crysknife,video_views,214383967636,Album URI,2023-02-27,281.114332896,23410,3088,13666,45,18126,0,0,0,0,0,0,2023-03-07,9,37076,45,4460,52496.0,279916.0,5595.571428571428,non_track,2023-02-13,2023-02-26,2023-02-27,2023-03-07,2023-03-08,2023-03-17,10.0,14.0,4.0,0.7142857142857143,1.5555555555555556,0.4,2
213937728251,google,The_Lady_in_the_Radiator,Dont_Do_Anything_(I_Wouldnt_Do),other,67896315109,,2023-03-14,246.089235449,132964,18783,0,1514,0,0,0,0,0,0,90,2023-03-23,10,132964,1604,0,813521.0,292260.0,12792.57142857143,non_track,2023-02-28,2023-03-13,2023-03-14,2023-03-23,2023-03-24,2023-04-02,92.0,34.0,7.0,6.571428571428571,3.4,0.7,5
220342951437,youtube,Thomas_Eckhardt,Shattered_Glass,video_views,481488058188,Track URI,2023-02-12,394.025696797,35089,2617,19676,107,27513,0,0,0,0,0,0,2023-02-28,17,54765,107,7837,117696.0,75845.0,7267.0,track,2023-01-29,2023-02-11,2023-02-12,2023-02-28,2023-03-01,2023-03-10,0.0,34.0,1.0,0.0,2.0,0.1,2
227347511485,youtube,Fred_Madison,Four_Leaf_Clover,video_views,496623686900,URL,2023-01-14,281.243669215,352046,29472,10518,0,10619,0,0,0,0,0,0,2023-01-28,15,362564,0,101,129533.0,79589.0,7547.214285714285,non_track,2022-12-31,2023-01-13,2023-01-14,2023-01-28,2023-01-29,2023-02-07,0.0,0.0,0.0,0.0,0.0,0.0,0
231323068808,snapchat,Gurney_Halleck,Packards_Vibration,traffic,114531372146,Playlist URI,2023-01-24,449.8576,52265,7039,8223,1018,0,0,0,0,0,0,0,2023-02-27,35,60488,1018,0,0.0,0.0,0.0,non_track,2023-01-10,2023-01-23,2023-01-24,2023-02-27,2023-02-28,2023-03-09,46.0,114.0,12.0,3.2857142857142856,3.257142857142857,1.2,6
232549538581,youtube,Lady_Jessica,Psytrance,video_views,970016308958,Track URI,2023-01-23,280.981493313,23722,2665,13851,53,18755,0,0,0,0,0,0,2023-02-02,11,37573,53,4904,0.0,0.0,0.0,track,2023-01-09,2023-01-22,2023-01-23,2023-02-02,2023-02-03,2023-02-12,0.0,33.0,5.0,0.0,3.0,0.5,3
233203022115,youtube,Frank_Booth,Rain_Dance,video_views,913729878833,Track URI,2023-02-10,930.242150032,1609263,140301,51490,0,55495,0,0,0,0,0,0,2023-02-23,14,1660753,0,4005,2056224.0,2537183.0,89088.5,track,2023-01-27,2023-02-09,2023-02-10,2023-02-23,2023-02-24,2023-03-05,0.0,24.0,6.0,0.0,1.7142857142857142,0.6,2
245729572477,google,Log_Lady,Got_a_Light_Again,other,791586853774,,2023-02-03,230.61244354599998,3018,1711,0,201,0,0,0,0,0,0,0,2023-02-13,11,3018,201,0,66996.0,400341.0,6833.571428571428,non_track,2023-01-20,2023-02-02,2023-02-03,2023-02-13,2023-02-14,2023-02-23,3.0,0.0,24.0,0.21428571428571427,0.0,2.4,0
246806041194,youtube,Jeffrey_Beaumont,Moment_of_Truth,video_views,379017089087,Album URI,2023-01-13,281.25800392,349487,60607,7701,0,8103,0,0,0,0,0,0,2023-01-19,7,357188,0,402,173258.0,167647.0,10199.0,non_track,2022-12-30,2023-01-12,2023-01-13,2023-01-19,2023-01-20,2023-01-29,7.0,20.0,2.0,0.5,2.857142857142857,0.2,3
247995104491,youtube,Dale_Cooper,Desert_Power,video_views,569131587866,Track URI,2023-02-26,308.481602515,23383,3439,13382,37,18275,0,0,0,0,0,0,2023-03-06,9,36765,37,4893,0.0,0.0,0.0,track,2023-02-12,2023-02-25,2023-02-26,2023-03-06,2023-03-07,2023-03-16,0.0,18.0,20.0,0.0,2.0,2.0,2
264796693617,youtube,The_Fireman,Delete,video_views,265925730908,Track URI,2023-03-10,280.74252334,21423,7049,12647,35,16986,0,0,0,0,0,0,2023-03-13,4,34070,35,4339,847842.0,1924243.0,90818.0,track,2023-02-24,2023-03-09,2023-03-10,2023-03-13,2023-03-14,2023-03-23,3.0,8.0,8.0,0.21428571428571427,2.0,0.8,2
278275006188,youtube,Bobby_Peru,Laura_Sees,reach,903823308084,URL,2023-03-04,279.38088761,144291,39252,7740,150,12033,0,0,0,0,0,0,2023-03-06,3,152031,150,4293,39751.0,270335.0,12473.214285714286,non_track,2023-02-18,2023-03-03,2023-03-04,2023-03-06,2023-03-07,2023-03-16,0.0,3.0,44.0,0.0,1.0,4.4,1
293819006248,instagram,Baron_Vladimir_Harkonnen,Great_Town,traffic,537813039812,Track URI,2023-02-28,616.9160879899999,43428,7251,1379,1623,12712,10,0,225,0,0,0,2023-03-07,8,44807,1623,12712,57843.0,99204.0,1030.357142857143,track,2023-02-14,2023-02-27,2023-02-28,2023-03-07,2023-03-08,2023-03-17,0.0,0.0,5.0,0.0,0.0,0.5,0
295502189648,youtube,The_Lady_in_the_Radiator,Lodge_Spirits,video_views,67896315109,Track URI,2023-03-03,281.050625199,22863,2437,14210,52,18516,0,0,0,0,0,0,2023-03-13,11,37073,52,4306,128178.0,813521.0,8157.857142857143,track,2023-02-17,2023-03-02,2023-03-03,2023-03-13,2023-03-14,2023-03-23,48.0,66.0,44.0,3.4285714285714284,6.0,4.4,6
300997358656,youtube,Mystery_Man,Prologue,TARGET_CPV,929087636537,URL,2023-02-24,467.240963361,994641,96784,31717,0,31917,0,0,0,0,0,0,2023-03-09,14,1026358,0,200,11000071.0,5538349.0,360520.14285714284,non_track,2023-02-10,2023-02-23,2023-02-24,2023-03-09,2023-03-10,2023-03-19,57.0,58.0,27.0,4.071428571428571,4.142857142857143,2.7,6
302159309479,youtube,Senorita_Dido,Crying_in_Spanish,video_views,432191283317,Track URI,2023-01-27,281.254688459,326445,42302,7082,0,7415,0,0,0,0,0,0,2023-02-05,10,333527,0,333,108017.0,112729.0,12053.92857142857,track,2023-01-13,2023-01-26,2023-01-27,2023-02-05,2023-02-06,2023-02-15,26.0,26.0,0.0,1.8571428571428572,2.6,0.0,3
313096396516,youtube,Marietta_Fortune,Laura_Palmer's_Theme,conversions,885708690504,URL,2023-03-10,3738.10879984,4653601,254221,106466,5452,323300,0,0,0,0,0,4212,2023-03-31,22,4760067,9664,216834,0.0,0.0,0.0,non_track,2023-02-24,2023-03-09,2023-03-10,2023-03-31,2023-04-01,2023-04-10,21.0,22.0,0.0,1.5,1.0,0.0,2
317321507056,snapchat,Mystery_Man,Jade_Give_Two_Rides,traffic,929087636537,Album URI,2023-02-24,467.3265,95777,6190,7440,549,0,0,0,0,0,0,0,2023-03-31,36,103217,549,0,0.0,0.0,0.0,non_track,2023-02-10,2023-02-23,2023-02-24,2023-03-31,2023-04-01,2023-04-10,57.0,87.0,0.0,4.071428571428571,2.4166666666666665,0.0,6
322905588072,youtube,The_Lady_in_the_Radiator,Lodge_Spirits,video_views,67896315109,Track URI,2023-03-03,281.372608526,256716,30256,5093,0,5766,0,0,0,0,0,0,2023-03-13,11,261809,0,673,128178.0,813521.0,8157.857142857143,track,2023-02-17,2023-03-02,2023-03-03,2023-03-13,2023-03-14,2023-03-23,48.0,66.0,44.0,3.4285714285714284,6.0,4.4,6
324836282956,youtube,Dale_Cooper,Stage_Fright,video_views,569131587866,Track URI,2023-01-13,617.00209481,1571300,223135,28689,0,38954,0,0,0,0,0,0,2023-01-20,8,1599989,0,10265,0.0,0.0,0.0,track,2022-12-30,2023-01-12,2023-01-13,2023-01-20,2023-01-21,2023-01-30,1.0,8.0,1.0,0.07142857142857142,1.0,0.1,1
334194066469,snapchat,Sailor_Ripley,Trinity_Test,traffic,229785770598,Album URI,2023-03-01,869.799669604,60605,1743,4077,1569,0,0,0,0,0,0,0,2023-03-31,31,64682,1569,0,0.0,0.0,0.0,non_track,2023-02-15,2023-02-28,2023-03-01,2023-03-31,2023-04-01,2023-04-10,0.0,31.0,0.0,0.0,1.0,0.0,1
335022920176,tiktok,Annie_Blackburn,Together_at_last,traffic,616610447432,Track URI,2023-02-07,1124.2503746,867740,88710,863873,4822,0,64,17097,0,171,695,3392,2023-02-26,20,1731613,8214,18027,0.0,0.0,0.0,track,2023-01-24,2023-02-06,2023-02-07,2023-02-26,2023-02-27,2023-03-08,7.0,17.0,0.0,0.5,0.85,0.0,2
335022920176,tiktok,Betty_Elms,Blue_Skies_and_Sunshine,traffic,778416221539,Track URI,2023-01-06,617.01484,598913,44707,594294,3869,0,19,2459,0,13,186,0,2023-02-03,29,1193207,3869,2677,1766773.0,407458.0,5087.428571428572,track,2022-12-23,2023-01-05,2023-01-06,2023-02-03,2023-02-04,2023-02-13,0.0,32.0,3.0,0.0,1.103448275862069,0.3,2
335022920176,tiktok,Betty_Elms,Finally_together,traffic,778416221539,Track URI,2023-01-17,617.2,886670,456835,873415,3337,0,16,1966,0,8,132,0,2023-02-18,33,1760085,3337,2122,2184239.0,383402.0,15081.642857142857,track,2023-01-03,2023-01-16,2023-01-17,2023-02-18,2023-02-19,2023-02-28,0.0,35.0,2.0,0.0,1.0606060606060606,0.2,2
335022920176,tiktok,Catherine_Martell,No_Stars,reach,778313175450,URL,2023-02-19,337.3932,459614,140832,458453,575,0,7,1876,0,7,54,0,2023-03-31,41,918067,575,1944,0.0,0.0,0.0,non_track,2023-02-05,2023-02-18,2023-02-19,2023-03-31,2023-04-01,2023-04-10,0.0,71.0,0.0,0.0,1.7317073170731707,0.0,5
335022920176,tiktok,Detective_Williams,Purple_Sea,reach,351022636206,Track URI,2023-02-06,281.161,255099,34025,254293,355,0,1,85,0,0,11,0,2023-02-28,23,509392,355,97,0.0,0.0,0.0,track,2023-01-23,2023-02-05,2023-02-06,2023-02-28,2023-03-01,2023-03-10,0.0,0.0,0.0,0.0,0.0,0.0,0
335022920176,tiktok,Diane_Selwyn,Videotapes,traffic,674416057371,Track URI,2023-02-24,337.3932,352906,42973,351365,2242,0,10,8626,0,115,48,2215,2023-03-27,32,704271,4457,8799,0.0,0.0,0.0,track,2023-02-10,2023-02-23,2023-02-24,2023-03-27,2023-03-28,2023-04-06,0.0,0.0,0.0,0.0,0.0,0.0,0
335022920176,tiktok,Glossu_Rabban,Attic_Discovery,traffic,42863528974,Track URI,2023-01-15,3373.93199996,2852357,376708,2841295,21387,0,327,17908,0,43,276,15690,2023-03-31,76,5693652,37077,18554,2990840.0,0.0,19227.785714285714,track,2023-01-01,2023-01-14,2023-01-15,2023-03-31,2023-04-01,2023-04-10,0.0,32.0,0.0,0.0,0.42105263157894735,0.0,4
335022920176,tiktok,Gurney_Halleck,Packards_Vibration,traffic,114531372146,Playlist URI,2023-01-09,5060.63933158,3506395,137601,3488349,13234,0,183,27323,0,166,537,5435,2023-03-31,82,6994744,18669,28209,0.0,0.0,0.0,non_track,2022-12-26,2023-01-08,2023-01-09,2023-03-31,2023-04-01,2023-04-10,0.0,149.0,0.0,0.0,1.8170731707317074,0.0,6
335022920176,tiktok,Juana_Durango,Without_a_Doubt,engagement,864337936717,Album URI,2023-01-27,934.65300002,1013775,93595,1006760,3961,0,38,2077,0,35,198,0,2023-03-31,64,2020535,3961,2348,0.0,0.0,0.0,non_track,2023-01-13,2023-01-26,2023-01-27,2023-03-31,2023-04-01,2023-04-10,33.0,58.0,0.0,2.357142857142857,0.90625,0.0,4
335022920176,tiktok,Killer_BOB,Seed,traffic,60541139717,URL,2023-02-21,1124.644,794624,59456,792307,3162,0,20,4144,0,14,53,2219,2023-03-31,39,1586931,5381,4231,0.0,0.0,0.0,non_track,2023-02-07,2023-02-20,2023-02-21,2023-03-31,2023-04-01,2023-04-10,0.0,41.0,0.0,0.0,1.0512820512820513,0.0,5
335022920176,tiktok,Lady_Jessica,Psytrance,traffic,970016308958,Track URI,2023-01-23,224.9288,165732,13802,165120,620,0,3,466,0,4,12,234,2023-02-05,14,330852,854,485,0.0,0.0,0.0,track,2023-01-09,2023-01-22,2023-01-23,2023-02-05,2023-02-06,2023-02-15,0.0,35.0,0.0,0.0,2.5,0.0,3
335022920176,tiktok,Lost_Girl,Nightingale,traffic,892171508901,Track URI,2023-01-17,1851.4271840000001,1390050,45401,1381442,47983,0,155,20481,0,119,2417,0,2023-03-31,74,2771492,47983,23172,7642635.0,0.0,115368.78571428571,track,2023-01-03,2023-01-16,2023-01-17,2023-03-31,2023-04-01,2023-04-10,0.0,0.0,0.0,0.0,0.0,0.0,0
335022920176,tiktok,Lucy_Moran,Behind_the_mask,reach,384327699947,URL,2023-01-24,281.11601423999997,381448,42979,380493,456,0,1,564,0,1,59,0,2023-03-31,67,761941,456,625,670785.0,0.0,8501.714285714286,non_track,2023-01-10,2023-01-23,2023-01-24,2023-03-31,2023-04-01,2023-04-10,0.0,44.0,0.0,0.0,0.6567164179104478,0.0,4
335022920176,tiktok,Monica_Bellucci_Herself,Coffee_and_Pie,reach,137277385600,Track URI,2023-02-21,617.2,829530,131409,826298,745,0,3,256,0,1,20,0,2023-03-31,39,1655828,745,280,0.0,0.0,0.0,track,2023-02-07,2023-02-20,2023-02-21,2023-03-31,2023-04-01,2023-04-10,0.0,45.0,0.0,0.0,1.1538461538461537,0.0,2
335022920176,tiktok,Mrs_Tremond,Clear_Skies,traffic,868809730610,Track URI,2023-01-23,1124.31785324,787896,64213,784933,21026,0,104,10779,0,56,919,14193,2023-03-26,63,1572829,35219,11858,46399.0,7077.0,868.5,track,2023-01-09,2023-01-22,2023-01-23,2023-03-26,2023-03-27,2023-04-05,0.0,66.0,0.0,0.0,1.0476190476190477,0.0,3
335022920176,tiktok,Mrs_Tremonds_Grandson,Witching_Hour,reach,766135693451,Track URI,2023-02-06,2468.8,2167163,813964,2158975,3085,0,105,10349,0,40,101,0,2023-03-31,54,4326138,3085,10595,0.0,0.0,0.0,track,2023-01-23,2023-02-05,2023-02-06,2023-03-31,2023-04-01,2023-04-10,0.0,37.0,0.0,0.0,0.6851851851851852,0.0,2
335022920176,tiktok,Mystery_Man,Courageously,traffic,929087636537,Track URI,2023-02-03,843.4830000000001,587852,62002,585216,20919,0,58,12286,0,62,669,14410,2023-03-31,57,1173068,35329,13075,28248780.0,0.0,199680.2857142857,track,2023-01-20,2023-02-02,2023-02-03,2023-03-31,2023-04-01,2023-04-10,13.0,132.0,0.0,0.9285714285714286,2.3157894736842106,0.0,7
335022920176,tiktok,Mystery_Man,Sleep_Mode,traffic,929087636537,URL,2023-02-04,2249.28800008,974450,77729,969816,8256,0,115,12097,0,28,425,7746,2023-02-27,24,1944266,16002,12665,0.0,0.0,0.0,non_track,2023-01-21,2023-02-03,2023-02-04,2023-02-27,2023-02-28,2023-03-09,15.0,64.0,37.0,1.0714285714285714,2.6666666666666665,3.7,7
335022920176,tiktok,One_Adam_Kesher,White_Tail_Falls,traffic,206181357229,Album URI,2023-01-16,1124.44156408,791001,32873,788619,3484,0,3,362,0,1,25,2547,2023-03-14,58,1579620,6031,391,0.0,0.0,0.0,non_track,2023-01-02,2023-01-15,2023-01-16,2023-03-14,2023-03-15,2023-03-24,0.0,100.0,0.0,0.0,1.7241379310344827,0.0,4
335022920176,tiktok,Rebecca_Del_Rio,Fade_Into_You,reach,853266998948,Track URI,2023-01-21,617.2,833964,40865,830781,0,0,9,7825,0,48,109,0,2023-03-31,70,1664745,0,7991,5808906.0,0.0,73850.78571428571,track,2023-01-07,2023-01-20,2023-01-21,2023-03-31,2023-04-01,2023-04-10,0.0,0.0,0.0,0.0,0.0,0.0,0
335022920176,tiktok,Spice_Melange_Itself,Sometimes_A_Wind_Blows,traffic,43158357218,Album URI,2023-01-28,934.653,849942,349696,844963,11626,0,49,28545,0,238,1510,0,2023-02-13,17,1694905,11626,30342,0.0,0.0,0.0,non_track,2023-01-14,2023-01-27,2023-01-28,2023-02-13,2023-02-14,2023-02-23,2.0,8.0,0.0,0.14285714285714285,0.47058823529411764,0.0,1
335022920176,tiktok,The_Cowboy,Horseshoe,traffic,633147923560,Track URI,2023-01-15,449.8576,262272,35374,261100,13506,0,49,3005,0,20,309,8553,2023-02-05,22,523372,22059,3383,0.0,0.0,0.0,track,2023-01-01,2023-01-14,2023-01-15,2023-02-05,2023-02-06,2023-02-15,0.0,0.0,0.0,0.0,0.0,0.0,0
335022920176,tiktok,Thufir_Hawat,Zero_Group,reach,934220809429,Album URI,2023-02-11,449.82386068,630420,27787,628535,1092,0,17,2793,0,10,34,0,2023-03-27,45,1258955,1092,2854,27355338.0,2246358.0,715595.7857142857,non_track,2023-01-28,2023-02-10,2023-02-11,2023-03-27,2023-03-28,2023-04-06,0.0,12.0,16.0,0.0,0.26666666666666666,1.6,3
335547433334,youtube,Log_Lady,Got_a_Light_Again,video_views,791586853774,Album URI,2023-02-17,446.95440686,492280,61183,7281,0,8198,0,0,0,0,0,0,2023-02-26,10,499561,0,917,279931.0,182779.0,17775.928571428572,non_track,2023-02-03,2023-02-16,2023-02-17,2023-02-26,2023-02-27,2023-03-08,14.0,20.0,10.0,1.0,2.0,1.0,2
375867125782,youtube,Lauras_Angel,Questions_in_a_World_of_Blue,reach,779165140623,,2023-01-31,281.318559246,198166,20893,8270,296,14514,0,0,0,0,0,0,2023-02-10,11,206436,296,6244,489201.0,316769.0,17643.0,non_track,2023-01-17,2023-01-30,2023-01-31,2023-02-10,2023-02-11,2023-02-20,0.0,22.0,2.0,0.0,2.0,0.2,2
378773563450,youtube,Julee_Cruise_Herself,Moon_Dance,video_views,858742406523,Album URI,2023-03-19,562.069344204,37712,8350,20566,163,29081,0,0,0,0,0,0,2023-03-30,12,58278,163,8515,649553.0,0.0,48007.71428571428,non_track,2023-03-05,2023-03-18,2023-03-19,2023-03-30,2023-03-31,2023-04-09,0.0,35.0,3.0,0.0,2.9166666666666665,0.3,3
381261379741,youtube,Mr_C,Broken_Window,video_views,142132132954,Track URI,2023-03-19,690.466619569,684431,105839,22352,0,27778,0,0,0,0,0,0,2023-03-31,13,706783,0,5426,744125.0,0.0,60785.642857142855,track,2023-03-05,2023-03-18,2023-03-19,2023-03-31,2023-04-01,2023-04-10,0.0,0.0,0.0,0.0,0.0,0.0,0
397019482152,youtube,Piter_De_Vries,Old_Year,video_views,53466793668,Track URI,2023-03-10,337.160653985,25971,2570,15795,39,20991,0,0,0,0,0,0,2023-03-21,12,41766,39,5196,14575.0,4277.0,1613.7857142857142,track,2023-02-24,2023-03-09,2023-03-10,2023-03-21,2023-03-22,2023-03-31,0.0,0.0,0.0,0.0,0.0,0.0,0
408231061414,youtube,Lucy_Moran,Behind_the_mask,reach,384327699947,URL,2023-01-24,224.95414386,166166,19145,6100,179,12198,0,0,0,0,0,0,2023-02-02,10,172266,179,6098,86330.0,114950.0,8501.714285714286,non_track,2023-01-10,2023-01-23,2023-01-24,2023-02-02,2023-02-03,2023-02-12,0.0,40.0,14.0,0.0,4.0,1.4,4
409267019275,youtube,Marietta_Fortune,Moods,video_views,885708690504,URL,2023-02-28,279.872524593,269515,42520,4109,0,5225,0,0,0,0,0,0,2023-03-07,8,273624,0,1116,0.0,0.0,0.0,non_track,2023-02-14,2023-02-27,2023-02-28,2023-03-07,2023-03-08,2023-03-17,0.0,9.0,23.0,0.0,1.125,2.3,3
409820221384,youtube,Sailor_Ripley,Premonition,video_views,965988138346,Track URI,2023-01-27,421.2566716,35266,5494,22233,75,29108,0,0,0,0,0,0,2023-02-03,8,57499,75,6875,1401874.0,1077345.0,59610.92857142857,track,2023-01-13,2023-01-26,2023-01-27,2023-02-03,2023-02-04,2023-02-13,0.0,24.0,20.0,0.0,3.0,2.0,3
422947198969,youtube,Log_Lady,Ame_Solitaire,video_views,791586853774,Track URI,2023-01-13,369.79132006099996,31152,4554,19224,42,25567,0,0,0,0,0,1,2023-01-20,8,50376,43,6343,78272.0,66951.0,6841.428571428572,track,2022-12-30,2023-01-12,2023-01-13,2023-01-20,2023-01-21,2023-01-30,2.0,16.0,0.0,0.14285714285714285,2.0,0.0,2
429946350107,youtube,Coco,Blue_Velvet,video_views,187337675796,Track URI,2023-02-15,280.20464885,376830,69519,5403,0,5771,0,0,0,0,0,0,2023-02-20,6,382233,0,368,0.0,0.0,0.0,track,2023-02-01,2023-02-14,2023-02-15,2023-02-20,2023-02-21,2023-03-02,1.0,12.0,3.0,0.07142857142857142,2.0,0.3,2
433370583916,youtube,Killer_BOB,Cosmos,video_views,60541139717,Album URI,2023-03-25,492.9477804,33677,5654,22180,55,28409,0,0,0,0,0,0,2023-03-31,7,55857,55,6229,0.0,0.0,0.0,non_track,2023-03-11,2023-03-24,2023-03-25,2023-03-31,2023-04-01,2023-04-10,14.0,28.0,0.0,1.0,4.0,0.0,4
461889631647,youtube,Catherine_Martell,Sycamore_Street,video_views,778313175450,URL,2023-02-24,69.356912452,51455,9721,751,0,785,0,0,0,0,0,0,2023-03-07,12,52206,0,34,738064.0,546147.0,41067.07142857143,non_track,2023-02-10,2023-02-23,2023-02-24,2023-03-07,2023-03-08,2023-03-17,10.0,36.0,17.0,0.7142857142857143,3.0,1.7,3
462894984088,youtube,Juana_Durango,Bang_Bang_Bar,video_views,864337936717,Track URI,2023-01-13,281.268205571,356387,20929,8460,0,8950,0,0,0,0,0,0,2023-02-01,20,364847,0,490,749271.0,1326126.0,25479.714285714286,track,2022-12-30,2023-01-12,2023-01-13,2023-02-01,2023-02-02,2023-02-11,0.0,37.0,26.0,0.0,1.85,2.6,3
463074993791,youtube,Cynthia,Agoraphobia,video_views,103577805634,Track URI,2023-03-10,280.867022569,270697,21204,4986,0,5565,0,0,0,0,0,0,2023-03-24,15,275683,0,579,244144.0,104640.0,17385.285714285714,track,2023-02-24,2023-03-09,2023-03-10,2023-03-24,2023-03-25,2023-04-03,0.0,38.0,8.0,0.0,2.533333333333333,0.8,3
470239029433,youtube,Gordon_Cole,Rita_Appears,video_views,663102993334,Track URI,2023-03-17,437.154977691,30946,2376,20291,62,26768,0,0,0,0,0,0,2023-03-31,15,51237,62,6477,326512.0,0.0,14647.92857142857,track,2023-03-03,2023-03-16,2023-03-17,2023-03-31,2023-04-01,2023-04-10,0.0,57.0,0.0,0.0,3.8,0.0,4
479853752080,youtube,Dale_Cooper,Desert_Power,video_views,569131587866,Track URI,2023-02-26,308.62479537,554160,63576,8318,0,11886,0,0,0,0,0,0,2023-03-16,19,562478,0,3568,0.0,0.0,0.0,track,2023-02-12,2023-02-25,2023-02-26,2023-03-16,2023-03-17,2023-03-26,0.0,28.0,8.0,0.0,1.4736842105263157,0.8,2
490610411656,youtube,Major_Briggs,Blue_Velvet_Curtain,video_views,106206807592,Track URI,2023-03-19,82.137698632,95050,16054,1123,0,1499,0,0,0,0,0,0,2023-03-30,12,96173,0,376,0.0,0.0,0.0,track,2023-03-05,2023-03-18,2023-03-19,2023-03-30,2023-03-31,2023-04-09,0.0,22.0,1.0,0.0,1.8333333333333333,0.1,2
492298462027,youtube,Killer_BOB,Hexed,video_views,60541139717,Album URI,2023-03-25,409.295323484,407647,115000,6110,0,6695,0,0,0,0,0,0,2023-03-31,7,413757,0,585,1639504.0,0.0,354244.5,non_track,2023-03-11,2023-03-24,2023-03-25,2023-03-31,2023-04-01,2023-04-10,14.0,28.0,0.0,1.0,4.0,0.0,4
494531937150,youtube,Lula_Fortune,Recklessly,video_views,903864886418,URL,2023-03-03,280.94822185,23469,4048,13875,54,18505,0,0,0,0,0,0,2023-03-09,7,37344,54,4630,70111.0,88865.0,13051.714285714286,non_track,2023-02-17,2023-03-02,2023-03-03,2023-03-09,2023-03-10,2023-03-19,21.0,0.0,0.0,1.5,0.0,0.0,0
527220304700,youtube,Log_Lady,Got_a_Light_Again,video_views,791586853774,Album URI,2023-02-17,448.908438699,34208,4056,20496,65,26951,0,0,0,0,0,0,2023-02-26,10,54704,65,6455,279931.0,182779.0,17775.928571428572,non_track,2023-02-03,2023-02-16,2023-02-17,2023-02-26,2023-02-27,2023-03-08,14.0,20.0,10.0,1.0,2.0,1.0,2
530957569739,youtube,Marietta_Fortune,Moods,video_views,885708690504,URL,2023-03-03,280.59371832,27150,6585,16381,94,21776,0,0,0,0,0,0,2023-03-07,5,43531,94,5395,0.0,0.0,0.0,non_track,2023-02-17,2023-03-02,2023-03-03,2023-03-07,2023-03-08,2023-03-17,3.0,9.0,23.0,0.21428571428571427,1.8,2.3,3
533285082540,youtube,Log_Lady,Ame_Solitaire,video_views,791586853774,Track URI,2023-01-13,863.584566156,1860000,211962,33682,0,42220,0,0,0,0,0,0,2023-01-20,8,1893682,0,8538,78272.0,66951.0,6841.428571428572,track,2022-12-30,2023-01-12,2023-01-13,2023-01-20,2023-01-21,2023-01-30,2.0,16.0,0.0,0.14285714285714285,2.0,0.0,2
534180188573,youtube,Thomas_Eckhardt,Shattered_Glass,video_views,481488058188,Track URI,2023-02-12,393.82290661,569182,58488,6256,0,6303,0,0,0,0,0,0,2023-02-28,17,575438,0,47,117696.0,75845.0,7267.0,track,2023-01-29,2023-02-11,2023-02-12,2023-02-28,2023-03-01,2023-03-10,0.0,34.0,1.0,0.0,2.0,0.1,2
535219151247,youtube,Senorita_Dido,Crying_in_Spanish,video_views,432191283317,Track URI,2023-01-27,281.16479455,25494,3110,13519,77,19313,0,0,0,0,0,0,2023-02-05,10,39013,77,5794,108017.0,112729.0,12053.92857142857,track,2023-01-13,2023-01-26,2023-01-27,2023-02-05,2023-02-06,2023-02-15,26.0,26.0,0.0,1.8571428571428572,2.6,0.0,3
551881047423,youtube,Lady_Jessica,Llorando,video_views,970016308958,Track URI,2023-03-25,280.750065194,18496,3249,12402,30,16003,0,0,0,0,0,0,2023-03-31,7,30898,30,3601,0.0,0.0,0.0,track,2023-03-11,2023-03-24,2023-03-25,2023-03-31,2023-04-01,2023-04-10,0.0,21.0,0.0,0.0,3.0,0.0,3
552211999430,youtube,Gordon_Cole,Amulet,video_views,663102993334,Album URI,2023-01-13,279.016689645,313084,47132,3907,0,4229,0,0,0,0,0,0,2023-01-20,8,316991,0,322,162460.0,135125.0,10642.07142857143,non_track,2022-12-30,2023-01-12,2023-01-13,2023-01-20,2023-01-21,2023-01-30,0.0,8.0,0.0,0.0,1.0,0.0,1
556546615141,youtube,Castigliane_Brothers,Unanswered_Questions,video_views,214383967636,Track URI,2023-03-26,163.53828309,241820,52677,3281,0,3362,0,0,0,0,0,0,2023-03-31,6,245101,0,81,90961.0,0.0,29494.14285714286,track,2023-03-12,2023-03-25,2023-03-26,2023-03-31,2023-04-01,2023-04-10,12.0,9.0,0.0,0.8571428571428571,1.5,0.0,2
560676048583,youtube,Killer_BOB,Hexed,video_views,60541139717,Album URI,2023-03-25,492.6378589,33030,5545,22377,45,28396,0,0,0,0,0,0,2023-03-31,7,55407,45,6019,1639504.0,0.0,354244.5,non_track,2023-03-11,2023-03-24,2023-03-25,2023-03-31,2023-04-01,2023-04-10,14.0,28.0,0.0,1.0,4.0,0.0,4
572597075278,snapchat,Mrs_Tremonds_Grandson,Witching_Hour,awareness,766135693451,Track URI,2023-02-06,2468.8,501414,221551,43053,1227,0,0,0,0,0,0,0,2023-03-13,36,544467,1227,0,0.0,0.0,0.0,track,2023-01-23,2023-02-05,2023-02-06,2023-03-13,2023-03-14,2023-03-23,0.0,37.0,10.0,0.0,1.0277777777777777,1.0,2
579785661791,youtube,Sailor_Ripley,Premonition,video_views,965988138346,Track URI,2023-01-27,421.67960186,607005,91765,13566,0,14394,0,0,0,0,0,0,2023-02-03,8,620571,0,828,1401874.0,1077345.0,59610.92857142857,track,2023-01-13,2023-01-26,2023-01-27,2023-02-03,2023-02-04,2023-02-13,0.0,24.0,20.0,0.0,3.0,2.0,3
579883554706,youtube,Lady_Jessica,Llorando,video_views,970016308958,Track URI,2023-03-25,92.935267343,104225,19903,1215,0,1487,0,0,0,0,0,0,2023-03-31,7,105440,0,272,0.0,0.0,0.0,track,2023-03-11,2023-03-24,2023-03-25,2023-03-31,2023-04-01,2023-04-10,0.0,21.0,0.0,0.0,3.0,0.0,3
604552239763,youtube,Frank_Booth,Today_No_Music!,video_views,913729878833,Album URI,2023-03-03,1123.91537463,1215426,75001,34527,0,36774,0,0,0,0,0,0,2023-03-21,19,1249953,0,2247,0.0,0.0,0.0,non_track,2023-02-17,2023-03-02,2023-03-03,2023-03-21,2023-03-22,2023-03-31,17.0,19.0,4.0,1.2142857142857142,1.0,0.4,1
614859168991,youtube,Betty_Elms,Finally_together,video_views,778416221539,Track URI,2023-01-20,1234.339204567,2509943,238795,62227,0,74191,0,0,0,0,0,0,2023-02-02,14,2572170,0,11964,1021312.0,420800.0,49720.5,track,2023-01-06,2023-01-19,2023-01-20,2023-02-02,2023-02-03,2023-02-12,20.0,42.0,15.0,1.4285714285714286,3.0,1.5,3
616920207316,youtube,Julee_Cruise_Herself,Moon_Dance,video_views,858742406523,Album URI,2023-03-19,323.677391513,383972,39471,5494,0,7693,0,0,0,0,0,0,2023-03-31,13,389466,0,2199,649553.0,0.0,48007.71428571428,non_track,2023-03-05,2023-03-18,2023-03-19,2023-03-31,2023-04-01,2023-04-10,0.0,37.0,0.0,0.0,2.8461538461538463,0.0,3
623663320338,youtube,Lucy_Moran,Behind_the_mask,video_views,384327699947,URL,2023-01-24,168.633937079,229713,35928,3231,0,3263,0,0,0,0,0,0,2023-02-02,10,232944,0,32,86330.0,114950.0,8501.714285714286,non_track,2023-01-10,2023-01-23,2023-01-24,2023-02-02,2023-02-03,2023-02-12,0.0,40.0,14.0,0.0,4.0,1.4,4
628767884637,google,The_Lady_in_the_Radiator,Dont_Do_Anything_(I_Wouldnt_Do),other,67896315109,,2023-01-30,1280.977858949,1210612,42728,0,14199,0,0,0,0,0,0,30,2023-03-23,53,1210612,14229,0,1187341.0,292260.0,8064.5,non_track,2023-01-16,2023-01-29,2023-01-30,2023-03-23,2023-03-24,2023-04-02,12.0,170.0,7.0,0.8571428571428571,3.207547169811321,0.7,7
630792557687,youtube,Gordon_Cole,Amulet,video_views,663102993334,Album URI,2023-01-13,561.548523833,45864,6799,23921,67,35412,0,0,0,0,0,0,2023-01-20,8,69785,67,11491,162460.0,135125.0,10642.07142857143,non_track,2022-12-30,2023-01-12,2023-01-13,2023-01-20,2023-01-21,2023-01-30,0.0,8.0,0.0,0.0,1.0,0.0,1
632315574147,youtube,Gordon_Cole,Rita_Appears,video_views,663102993334,Track URI,2023-03-17,423.37751289100004,502104,41933,6763,0,9131,0,0,0,0,0,0,2023-03-31,15,508867,0,2368,326512.0,0.0,14647.92857142857,track,2023-03-03,2023-03-16,2023-03-17,2023-03-31,2023-04-01,2023-04-10,0.0,57.0,0.0,0.0,3.8,0.0,4
650735971704,youtube,Windom_Earle,Full_Moon,video_views,751240531101,URL,2023-03-26,152.88357116,10739,1845,6771,8,8951,0,0,0,0,0,0,2023-03-31,6,17510,8,2180,51828.0,0.0,13183.57142857143,non_track,2023-03-12,2023-03-25,2023-03-26,2023-03-31,2023-04-01,2023-04-10,3.0,0.0,0.0,0.21428571428571427,0.0,0.0,0
657031133358,youtube,Annie_Blackburn,Together_at_last,video_views,616610447432,Track URI,2023-02-14,561.5184295,42887,6713,25695,114,34292,0,0,0,0,0,0,2023-02-20,7,68582,114,8597,0.0,0.0,0.0,track,2023-01-31,2023-02-13,2023-02-14,2023-02-20,2023-02-21,2023-03-02,21.0,10.0,6.0,1.5,1.4285714285714286,0.6,2
672434555969,youtube,Piter_De_Vries,Man_in_Moon,video_views,53466793668,Track URI,2023-01-22,281.17630078,23491,2601,12435,46,17542,0,0,0,0,0,0,2023-01-31,10,35926,46,5107,0.0,0.0,0.0,track,2023-01-08,2023-01-21,2023-01-22,2023-01-31,2023-02-01,2023-02-10,1.0,10.0,4.0,0.07142857142857142,1.0,0.4,1
683487479398,youtube,The_Fireman,Delete,video_views,265925730908,Track URI,2023-03-10,280.490894371,211668,83115,3996,0,4335,0,0,0,0,0,0,2023-03-13,4,215664,0,339,847842.0,1924243.0,90818.0,track,2023-02-24,2023-03-09,2023-03-10,2023-03-13,2023-03-14,2023-03-23,3.0,8.0,8.0,0.21428571428571427,2.0,0.8,2
724589893066,youtube,Audrey_Horne,Blue_Wig,reach,122736490160,URL,2023-01-27,999.27669433,189370,25655,0,653,0,0,0,0,0,0,0,2023-02-07,12,189370,653,0,170657.0,82362.0,8531.857142857143,non_track,2023-01-13,2023-01-26,2023-01-27,2023-02-07,2023-02-08,2023-02-17,0.0,24.0,2.0,0.0,2.0,0.2,2
732927318296,snapchat,Gordon_Cole,Rita_Appears,traffic,663102993334,Track URI,2023-03-17,504.84144516,36103,2715,2884,705,0,0,0,0,0,0,0,2023-03-31,15,38987,705,0,326512.0,0.0,14647.92857142857,track,2023-03-03,2023-03-16,2023-03-17,2023-03-31,2023-04-01,2023-04-10,0.0,57.0,0.0,0.0,3.8,0.0,4
736786512444,youtube,Bobby_Peru,Silencio,video_views,903823308084,URL,2023-01-12,4041.64543495,461145,40281,287533,810,369628,0,0,0,0,0,0,2023-01-27,16,748678,810,82095,0.0,0.0,0.0,non_track,2022-12-29,2023-01-11,2023-01-12,2023-01-27,2023-01-28,2023-02-06,0.0,16.0,0.0,0.0,1.0,0.0,1
751507622453,youtube,Marietta_Fortune,No_Escape,video_views,885708690504,URL,2023-03-06,112.4321857,11009,1864,6388,26,8981,0,0,0,0,0,0,2023-03-12,7,17397,26,2593,0.0,0.0,0.0,non_track,2023-02-20,2023-03-05,2023-03-06,2023-03-12,2023-03-13,2023-03-22,9.0,14.0,20.0,0.6428571428571429,2.0,2.0,4
763068926793,youtube,Lula_Fortune,Betty_Vanishes,video_views,903864886418,Track URI,2023-01-20,281.029432396,25497,4519,14506,59,20147,0,0,0,0,0,0,2023-01-26,7,40003,59,5641,23247.0,23942.0,1985.142857142857,track,2023-01-06,2023-01-19,2023-01-20,2023-01-26,2023-01-27,2023-02-05,0.0,7.0,12.0,0.0,1.0,1.2,1
765653042578,youtube,Marietta_Fortune,No_Escape,video_views,885708690504,URL,2023-03-06,319.08506074,396468,49908,4727,0,7049,0,0,0,0,0,0,2023-03-28,23,401195,0,2322,0.0,0.0,0.0,non_track,2023-02-20,2023-03-05,2023-03-06,2023-03-28,2023-03-29,2023-04-07,9.0,30.0,3.0,0.6428571428571429,1.3043478260869565,0.3,4
767674833128,snapchat,Gurney_Halleck,Packards_Vibration,awareness,114531372146,Playlist URI,2023-01-13,449.85759996,351468,70526,33551,0,0,0,0,0,0,0,0,2023-02-13,32,385019,0,0,0.0,0.0,0.0,non_track,2022-12-30,2023-01-12,2023-01-13,2023-02-13,2023-02-14,2023-02-23,8.0,109.0,32.0,0.5714285714285714,3.40625,3.2,4
769392003177,youtube,Lady_Jessica,Psytrance,video_views,970016308958,Track URI,2023-01-23,182.01693414,288740,41613,4629,0,5518,0,0,0,0,0,0,2023-02-02,11,293369,0,889,0.0,0.0,0.0,track,2023-01-09,2023-01-22,2023-01-23,2023-02-02,2023-02-03,2023-02-12,0.0,33.0,5.0,0.0,3.0,0.5,3
770963160790,youtube,Tom_Beaumont,Signs,video_views,963210974654,Track URI,2023-03-06,478.19167850499997,479908,85037,14389,0,15047,0,0,0,0,0,0,2023-03-13,8,494297,0,658,3154844.0,2258710.0,233633.07142857142,track,2023-02-20,2023-03-05,2023-03-06,2023-03-13,2023-03-14,2023-03-23,0.0,8.0,0.0,0.0,1.0,0.0,1
782654813868,youtube,Phillip_Jeffries,Main_Street,video_views,690884148856,URL,2023-01-14,337.15202347,29102,7737,15813,93,22316,0,0,0,0,0,0,2023-01-17,4,44915,93,6503,50711.0,70068.0,8465.214285714286,non_track,2022-12-31,2023-01-13,2023-01-14,2023-01-17,2023-01-18,2023-01-27,0.0,0.0,0.0,0.0,0.0,0.0,0
806653804814,youtube,Castigliane_Brothers,Unanswered_Questions,video_views,214383967636,Track URI,2023-03-26,162.9079145,10800,1996,7050,19,9253,0,0,0,0,0,0,2023-03-31,6,17850,19,2203,90961.0,0.0,29494.14285714286,track,2023-03-12,2023-03-25,2023-03-26,2023-03-31,2023-04-01,2023-04-10,12.0,9.0,0.0,0.8571428571428571,1.5,0.0,2
814468841514,youtube,Mystery_Man,Courageously,TARGET_CPV,929087636537,URL,2023-01-28,933.44861828,1449332,311639,57172,0,57171,0,0,0,0,0,0,2023-02-16,20,1506504,0,0,4019260.0,6742106.0,134523.35714285713,non_track,2023-01-14,2023-01-27,2023-01-28,2023-02-16,2023-02-17,2023-02-26,1.0,60.0,41.0,0.07142857142857142,3.0,4.1,4
815200543593,youtube,Juana_Durango,Bang_Bang_Bar,video_views,864337936717,Track URI,2023-01-13,281.374317956,25534,1434,13694,56,18914,0,0,0,0,0,0,2023-02-01,20,39228,56,5220,749271.0,1326126.0,25479.714285714286,track,2022-12-30,2023-01-12,2023-01-13,2023-02-01,2023-02-02,2023-02-11,0.0,37.0,26.0,0.0,1.85,2.6,3
833832312782,tiktok,Albert_Rosenfield,Turning_and_Returning,traffic,67799395841,Track URI,2023-03-06,550.24332344,422574,39704,421134,1499,0,9,6326,0,15,27,844,2023-03-21,16,843708,2343,6377,41436.0,19021.0,4205.642857142857,track,2023-02-20,2023-03-05,2023-03-06,2023-03-21,2023-03-22,2023-03-31,0.0,13.0,0.0,0.0,0.8125,0.0,1
833832312782,tiktok,Alice_Wakefield,Freshly_Squeezed_OJ,traffic,3154710409,Track URI,2023-03-17,925.8,673888,38200,667339,11282,0,110,17540,0,290,890,0,2023-03-29,13,1341227,11282,18830,927330.0,50700.0,30789.285714285714,track,2023-03-03,2023-03-16,2023-03-17,2023-03-29,2023-03-30,2023-04-08,0.0,0.0,0.0,0.0,0.0,0.0,0
833832312782,tiktok,Baron_Vladimir_Harkonnen,Great_Town,traffic,537813039812,Track URI,2023-03-13,535.717256,215913,17305,214189,3844,0,131,1370,0,24,88,0,2023-03-31,19,430102,3844,1613,174433.0,0.0,7691.857142857143,track,2023-02-27,2023-03-12,2023-03-13,2023-03-31,2023-04-01,2023-04-10,8.0,0.0,0.0,0.5714285714285714,0.0,0.0,0
833832312782,tiktok,Ben_Horne,Closet_Hiding,reach,62660583005,Track URI,2023-03-27,749.856387,362994,56967,361260,1058,0,3,4784,0,24,92,0,2023-03-31,5,724254,1058,4903,14541.0,0.0,2369.285714285714,track,2023-03-13,2023-03-26,2023-03-27,2023-03-31,2023-04-01,2023-04-10,0.0,0.0,0.0,0.0,0.0,0.0,0
833832312782,tiktok,Betty_Elms,Option_A,traffic,778416221539,Track URI,2023-02-28,617.2,299113,36136,296070,2929,0,45,1067,0,7,124,0,2023-03-17,18,595183,2929,1243,888524.0,339308.0,30453.285714285714,track,2023-02-14,2023-02-27,2023-02-28,2023-03-17,2023-03-18,2023-03-27,5.0,33.0,12.0,0.35714285714285715,1.8333333333333333,1.2,2
833832312782,tiktok,Bobby_Peru,Laura_Sees,traffic,903823308084,Track URI,2023-03-07,281.161,230280,22254,229305,1831,0,19,2535,0,4,178,1262,2023-03-26,20,459585,3093,2736,470439.0,84293.0,12572.57142857143,track,2023-02-21,2023-03-06,2023-03-07,2023-03-26,2023-03-27,2023-04-05,6.0,54.0,0.0,0.42857142857142855,2.7,0.0,4
833832312782,tiktok,Catherine_Martell,Endlessly,engagement,778313175450,Track URI,2023-03-17,1124.64400004,480993,36247,479480,1757,0,23,8310,0,34,233,0,2023-03-30,14,960473,1757,8600,860440.0,0.0,55249.142857142855,track,2023-03-03,2023-03-16,2023-03-17,2023-03-30,2023-03-31,2023-04-09,34.0,25.0,1.0,2.4285714285714284,1.7857142857142858,0.1,2
833832312782,tiktok,Chani,Tied_Up,reach,940297440225,Track URI,2023-03-03,562.322,535452,103283,534092,1463,0,8,4231,0,8,166,0,2023-03-17,15,1069544,1463,4413,1160956.0,639140.0,57136.42857142857,track,2023-02-17,2023-03-02,2023-03-03,2023-03-17,2023-03-18,2023-03-27,0.0,15.0,7.0,0.0,1.0,0.7,1
833832312782,tiktok,Count_Fenring,Red_Curtains,traffic,511340909446,Track URI,2023-03-05,1124.644,881902,24255,878950,26084,0,38,24811,0,46,1873,20587,2023-03-28,24,1760852,46671,26768,0.0,0.0,0.0,track,2023-02-19,2023-03-04,2023-03-05,2023-03-28,2023-03-29,2023-04-07,0.0,16.0,2.0,0.0,0.6666666666666666,0.2,1
833832312782,tiktok,Cynthia,Agoraphobia,traffic,103577805634,Track URI,2023-03-17,1686.966,969299,200143,966035,5606,0,63,11338,0,88,403,4667,2023-03-27,11,1935334,10273,11892,182873.0,51737.0,16798.785714285714,track,2023-03-03,2023-03-16,2023-03-17,2023-03-27,2023-03-28,2023-04-06,21.0,27.0,2.0,1.5,2.4545454545454546,0.2,3
833832312782,tiktok,Gordon_Cole,Rita_Appears,traffic,663102993334,Track URI,2023-03-20,562.322,425369,39533,423505,3239,0,7,7091,0,5,89,2632,2023-03-31,12,848874,5871,7192,219005.0,0.0,20275.5,track,2023-03-06,2023-03-19,2023-03-20,2023-03-31,2023-04-01,2023-04-10,12.0,48.0,0.0,0.8571428571428571,4.0,0.0,4
833832312782,tiktok,Josie_Packard,The_Black_Lodge,traffic,270978214286,Track URI,2023-03-13,449.8576,269206,26327,268199,12863,0,11,4009,0,15,414,9066,2023-03-27,15,537405,21929,4449,93716.0,16529.0,7289.642857142857,track,2023-02-27,2023-03-12,2023-03-13,2023-03-27,2023-03-28,2023-04-06,0.0,0.0,0.0,0.0,0.0,0.0,0
833832312782,tiktok,Julee_Cruise_Herself,Moon_Dance,traffic,858742406523,Track URI,2023-03-19,390.29645376,232477,21361,231800,1238,0,1,77,0,1,7,947,2023-03-31,13,464277,2185,86,649553.0,0.0,48007.71428571428,track,2023-03-05,2023-03-18,2023-03-19,2023-03-31,2023-04-01,2023-04-10,0.0,37.0,0.0,0.0,2.8461538461538463,0.0,3
833832312782,tiktok,Lady_Jessica,Llorando,traffic,970016308958,Track URI,2023-03-25,298.15437084,166518,20962,165720,1928,0,29,1954,0,5,47,1511,2023-03-31,7,332238,3439,2035,0.0,0.0,0.0,track,2023-03-11,2023-03-24,2023-03-25,2023-03-31,2023-04-01,2023-04-10,0.0,21.0,0.0,0.0,3.0,0.0,3
833832312782,tiktok,Monica_Bellucci_Herself,Ship_Sailed,traffic,137277385600,Track URI,2023-02-26,2468.8,1569683,148062,1559712,6028,0,8,3132,0,11,77,0,2023-03-31,34,3129395,6028,3228,0.0,0.0,0.0,track,2023-02-12,2023-02-25,2023-02-26,2023-03-31,2023-04-01,2023-04-10,10.0,40.0,0.0,0.7142857142857143,1.1764705882352942,0.0,2
833832312782,tiktok,Mr_Eddy,Do_It_for_Van_Gogh,traffic,666699650709,URL,2023-03-26,171.58359774000002,163071,21075,0,498,0,20,397,0,4,32,0,2023-03-31,6,163071,498,453,0.0,0.0,0.0,non_track,2023-03-12,2023-03-25,2023-03-26,2023-03-31,2023-04-01,2023-04-10,0.0,12.0,0.0,0.0,2.0,0.0,2
833832312782,tiktok,Nadine_Hurley,Chance_Taken,traffic,318733585791,URL,2023-03-17,2105.34481436,1554940,163516,1549865,9936,0,126,4971,0,45,123,8806,2023-03-31,15,3104805,18742,5265,0.0,0.0,0.0,non_track,2023-03-03,2023-03-16,2023-03-17,2023-03-31,2023-04-01,2023-04-10,0.0,14.0,0.0,0.0,0.9333333333333333,0.0,1
833832312782,tiktok,Norma_Jennings,Unflinchingly,reach,469137554721,Track URI,2023-03-07,370.233592,572176,50348,570522,0,0,5,4521,0,13,77,0,2023-03-24,18,1142698,0,4616,0.0,455299.0,0.0,track,2023-02-21,2023-03-06,2023-03-07,2023-03-24,2023-03-25,2023-04-03,0.0,0.0,0.0,0.0,0.0,0.0,0
833832312782,tiktok,Pete_Dayton,Watching_Eyes,reach,511622323131,Track URI,2023-03-21,9421.10904866,6085405,461134,6059909,12617,0,146,38376,0,55,588,0,2023-03-31,11,12145314,12617,39165,1070692.0,0.0,189128.2142857143,track,2023-03-07,2023-03-20,2023-03-21,2023-03-31,2023-04-01,2023-04-10,0.0,0.0,0.0,0.0,0.0,0.0,0
833832312782,tiktok,Shelly_Johnson,Sometimes_Always,reach,390712864216,Track URI,2023-03-18,308.6,203930,13479,201094,321,0,7,412,0,1,6,0,2023-03-30,13,405024,321,426,314500.0,0.0,10389.5,track,2023-03-04,2023-03-17,2023-03-18,2023-03-30,2023-03-31,2023-04-09,0.0,13.0,0.0,0.0,1.0,0.0,1
833832312782,tiktok,The_Man_from_Another_Place,On_the_Run,reach,237893473635,URL,2023-03-21,424.66893708,706235,115745,703855,0,0,1,4287,0,5,72,0,2023-03-31,11,1410090,0,4365,0.0,0.0,0.0,non_track,2023-03-07,2023-03-20,2023-03-21,2023-03-31,2023-04-01,2023-04-10,0.0,0.0,0.0,0.0,0.0,0.0,0
833832312782,tiktok,Thufir_Hawat,Blinded_by_Light,reach,934220809429,Track URI,2023-03-24,393.6254,490340,41271,488768,695,0,6,585,0,3,16,0,2023-03-31,8,979108,695,610,0.0,0.0,0.0,track,2023-03-10,2023-03-23,2023-03-24,2023-03-31,2023-04-01,2023-04-10,14.0,4.0,0.0,1.0,0.5,0.0,1
833832312782,tiktok,Thufir_Hawat,Conceptual_Art,reach,934220809429,Track URI,2023-03-28,130.458704,196567,26921,195931,291,0,2,490,0,1,11,0,2023-03-31,4,392498,291,504,0.0,0.0,0.0,track,2023-03-14,2023-03-27,2023-03-28,2023-03-31,2023-04-01,2023-04-10,14.0,0.0,0.0,1.0,0.0,0.0,0
833832312782,tiktok,Thufir_Hawat,Fly_Me_to_Moon,reach,934220809429,Track URI,2023-03-24,393.6254,495405,40826,493765,782,0,3,886,0,6,18,0,2023-03-31,8,989170,782,913,4926242.0,0.0,627277.1428571428,track,2023-03-10,2023-03-23,2023-03-24,2023-03-31,2023-04-01,2023-04-10,14.0,4.0,0.0,1.0,0.5,0.0,1
833832312782,tiktok,Thufir_Hawat,We_Live_Inside_a_Dream,reach,934220809429,Track URI,2023-03-24,393.6254,475183,52250,473685,779,0,12,736,0,4,11,0,2023-03-31,8,948868,779,763,4926242.0,0.0,627277.1428571428,track,2023-03-10,2023-03-23,2023-03-24,2023-03-31,2023-04-01,2023-04-10,14.0,4.0,0.0,1.0,0.5,0.0,1
837101791497,youtube,Glossu_Rabban,Attic_Discovery,reach,42863528974,Playlist URI,2023-03-07,0.21685948,44,12,1,0,2,0,0,0,0,0,0,2023-03-14,8,45,0,1,303682.0,441245.0,34411.78571428572,non_track,2023-02-21,2023-03-06,2023-03-07,2023-03-14,2023-03-15,2023-03-24,14.0,25.0,17.0,1.0,3.125,1.7,4
870868644800,youtube,Lucy_Moran,Behind_the_mask,video_views,384327699947,URL,2023-01-24,168.674330925,14152,1701,8068,35,11425,0,0,0,0,0,0,2023-02-02,10,22220,35,3357,86330.0,114950.0,8501.714285714286,non_track,2023-01-10,2023-01-23,2023-01-24,2023-02-02,2023-02-03,2023-02-12,0.0,40.0,14.0,0.0,4.0,1.4,4
877440188104,youtube,Killer_BOB,Cosmos,video_views,60541139717,Album URI,2023-03-25,503.361513788,492302,117930,9478,0,10252,0,0,0,0,0,0,2023-03-31,7,501780,0,774,0.0,0.0,0.0,non_track,2023-03-11,2023-03-24,2023-03-25,2023-03-31,2023-04-01,2023-04-10,14.0,28.0,0.0,1.0,4.0,0.0,4
886899129886,youtube,Coco,Blue_Velvet,video_views,187337675796,Track URI,2023-02-15,281.01891023,22391,3889,12149,24,16850,0,0,0,0,0,0,2023-02-20,6,34540,24,4701,0.0,0.0,0.0,track,2023-02-01,2023-02-14,2023-02-15,2023-02-20,2023-02-21,2023-03-02,1.0,12.0,3.0,0.07142857142857142,2.0,0.3,2
904216977596,youtube,Cynthia,Agoraphobia,video_views,103577805634,Track URI,2023-03-10,281.11680823,21162,1772,13607,45,17715,0,0,0,0,0,0,2023-03-24,15,34769,45,4108,244144.0,104640.0,17385.285714285714,track,2023-02-24,2023-03-09,2023-03-10,2023-03-24,2023-03-25,2023-04-03,0.0,38.0,8.0,0.0,2.533333333333333,0.8,3
907994633766,youtube,Castigliane_Brothers,Crysknife,video_views,214383967636,Album URI,2023-02-27,279.74438379,257622,35310,5578,0,6019,0,0,0,0,0,0,2023-03-07,9,263200,0,441,52496.0,279916.0,5595.571428571428,non_track,2023-02-13,2023-02-26,2023-02-27,2023-03-07,2023-03-08,2023-03-17,10.0,14.0,4.0,0.7142857142857143,1.5555555555555556,0.4,2
924027905131,youtube,Lula_Fortune,Betty_Vanishes,video_views,903864886418,Track URI,2023-01-20,281.215150477,389063,79340,8267,0,9339,0,0,0,0,0,0,2023-01-26,7,397330,0,1072,23247.0,23942.0,1985.142857142857,track,2023-01-06,2023-01-19,2023-01-20,2023-01-26,2023-01-27,2023-02-05,0.0,7.0,12.0,0.0,1.0,1.2,1
951214640195,youtube,Glossu_Rabban,Attic_Discovery,video_views,42863528974,Playlist URI,2023-03-07,30.098027504999997,34429,6837,398,0,398,0,0,0,0,0,0,2023-03-15,9,34827,0,0,343341.0,450792.0,34411.78571428572,non_track,2023-02-21,2023-03-06,2023-03-07,2023-03-15,2023-03-16,2023-03-25,14.0,27.0,15.0,1.0,3.0,1.5,4
959765331726,youtube,Feyd_Rautha,The_World_Spings,video_views,388191401155,URL,2023-02-12,342.24356688800003,332838,29140,4578,0,5632,0,0,0,0,0,0,2023-03-14,31,337416,0,1054,1039756.0,251996.0,31802.071428571428,non_track,2023-01-29,2023-02-11,2023-02-12,2023-03-14,2023-03-15,2023-03-24,0.0,19.0,0.0,0.0,0.6129032258064516,0.0,1
975806501579,youtube,Catherine_Martell,Sycamore_Street,video_views,778313175450,URL,2023-02-24,281.37476784,25330,2958,14386,44,20208,0,0,0,0,0,0,2023-03-07,12,39716,44,5822,738064.0,546147.0,41067.07142857143,non_track,2023-02-10,2023-02-23,2023-02-24,2023-03-07,2023-03-08,2023-03-17,10.0,36.0,17.0,0.7142857142857143,3.0,1.7,3
976902674669,youtube,Windom_Earle,Atomic_Bomb,video_views,751240531101,Track URI,2023-03-04,281.17370287,22853,2309,13960,10,18744,0,0,0,0,0,0,2023-03-14,11,36813,10,4784,128249.0,142372.0,12891.57142857143,track,2023-02-18,2023-03-03,2023-03-04,2023-03-14,2023-03-15,2023-03-24,0.0,0.0,0.0,0.0,0.0,0.0,0
976979144975,snapchat,Sailor_Ripley,Premonition,traffic,965988138346,Track URI,2023-01-27,562.322000001,57310,2924,4857,1215,0,0,0,0,0,0,0,2023-03-03,36,62167,1215,0,3561546.0,413865.0,59610.92857142857,track,2023-01-13,2023-01-26,2023-01-27,2023-03-03,2023-03-04,2023-03-13,0.0,36.0,0.0,0.0,1.0,0.0,3
990218754769,instagram,Maddy_Ferguson,Chase_Scene,traffic,776279741988,URL,2023-02-04,36.439488,2643,1424,238,68,1014,0,0,45,0,0,0,2023-02-05,2,2881,68,1014,0.0,0.0,0.0,non_track,2023-01-21,2023-02-03,2023-02-04,2023-02-05,2023-02-06,2023-02-15,0.0,0.0,0.0,0.0,0.0,0.0,0
995893332010,youtube,Reverend_Mother,Constellation,video_views,330697894209,URL,2023-02-17,76.826906981,60991,6001,1411,0,1562,0,0,0,0,0,0,2023-03-03,15,62402,0,151,39272.0,10847.0,1707.0714285714287,non_track,2023-02-03,2023-02-16,2023-02-17,2023-03-03,2023-03-04,2023-03-13,0.0,0.0,0.0,0.0,0.0,0.0,0
